concept_id,title,variable,year,size_mb,https_url,opendap_url,updated_at
G2533273125-ORNL_CLOUD,Daymet_Daily_V4R1.daymet_v4_daily_na_dayl_2020.nc,dayl,2020,1483.92,https://data.ornldaac.earthdata.nasa.gov/protected/daymet/Daymet_Daily_V4R1/data/daymet_v4_daily_na_dayl_2020.nc,https://opendap.earthdata.nasa.gov/collections/C2532426483-ORNL_CLOUD/granules/Daymet_Daily_V4R1.daymet_v4_daily_na_dayl_2020.nc,2026-05-22T23:18:54.000Z
G2533273473-ORNL_CLOUD,Daymet_Daily_V4R1.daymet_v4_daily_na_prcp_2020.nc,prcp,2020,4514.552522,https://data.ornldaac.earthdata.nasa.gov/protected/daymet/Daymet_Daily_V4R1/data/daymet_v4_daily_na_prcp_2020.nc,https://opendap.earthdata.nasa.gov/collections/C2532426483-ORNL_CLOUD/granules/Daymet_Daily_V4R1.daymet_v4_daily_na_prcp_2020.nc,2026-05-22T23:18:54.000Z
G2533273212-ORNL_CLOUD,Daymet_Daily_V4R1.daymet_v4_daily_na_srad_2020.nc,srad,2020,15854.827438,https://data.ornldaac.earthdata.nasa.gov/protected/daymet/Daymet_Daily_V4R1/data/daymet_v4_daily_na_srad_2020.nc,https://opendap.earthdata.nasa.gov/collections/C2532426483-ORNL_CLOUD/granules/Daymet_Daily_V4R1.daymet_v4_daily_na_srad_2020.nc,2026-05-22T23:18:54.000Z
G2533273692-ORNL_CLOUD,Daymet_Daily_V4R1.daymet_v4_daily_na_tmax_2020.nc,tmax,2020,13820.11872,https://data.ornldaac.earthdata.nasa.gov/protected/daymet/Daymet_Daily_V4R1/data/daymet_v4_daily_na_tmax_2020.nc,https://opendap.earthdata.nasa.gov/collections/C2532426483-ORNL_CLOUD/granules/Daymet_Daily_V4R1.daymet_v4_daily_na_tmax_2020.nc,2026-05-22T23:18:54.000Z
G2533273115-ORNL_CLOUD,Daymet_Daily_V4R1.daymet_v4_daily_na_tmin_2020.nc,tmin,2020,13991.812697,https://data.ornldaac.earthdata.nasa.gov/protected/daymet/Daymet_Daily_V4R1/data/daymet_v4_daily_na_tmin_2020.nc,https://opendap.earthdata.nasa.gov/collections/C2532426483-ORNL_CLOUD/granules/Daymet_Daily_V4R1.daymet_v4_daily_na_tmin_2020.nc,2026-05-22T23:18:54.000Z
G2533273308-ORNL_CLOUD,Daymet_Daily_V4R1.daymet_v4_daily_na_vp_2020.nc,vp,2020,17006.159414,https://data.ornldaac.earthdata.nasa.gov/protected/daymet/Daymet_Daily_V4R1/data/daymet_v4_daily_na_vp_2020.nc,https://opendap.earthdata.nasa.gov/collections/C2532426483-ORNL_CLOUD/granules/Daymet_Daily_V4R1.daymet_v4_daily_na_vp_2020.nc,2026-05-22T23:18:54.000Z
G2533273063-ORNL_CLOUD,Daymet_Daily_V4R1.daymet_v4_daily_na_dayl_2021.nc,dayl,2021,1483.92,https://data.ornldaac.earthdata.nasa.gov/protected/daymet/Daymet_Daily_V4R1/data/daymet_v4_daily_na_dayl_2021.nc,https://opendap.earthdata.nasa.gov/collections/C2532426483-ORNL_CLOUD/granules/Daymet_Daily_V4R1.daymet_v4_daily_na_dayl_2021.nc,2026-05-22T23:18:54.000Z
G2533273728-ORNL_CLOUD,Daymet_Daily_V4R1.daymet_v4_daily_na_prcp_2021.nc,prcp,2021,4381.588382,https://data.ornldaac.earthdata.nasa.gov/protected/daymet/Daymet_Daily_V4R1/data/daymet_v4_daily_na_prcp_2021.nc,https://opendap.earthdata.nasa.gov/collections/C2532426483-ORNL_CLOUD/granules/Daymet_Daily_V4R1.daymet_v4_daily_na_prcp_2021.nc,2026-05-22T23:18:54.000Z
G2533273059-ORNL_CLOUD,Daymet_Daily_V4R1.daymet_v4_daily_na_srad_2021.nc,srad,2021,15827.124439,https://data.ornldaac.earthdata.nasa.gov/protected/daymet/Daymet_Daily_V4R1/data/daymet_v4_daily_na_srad_2021.nc,https://opendap.earthdata.nasa.gov/collections/C2532426483-ORNL_CLOUD/granules/Daymet_Daily_V4R1.daymet_v4_daily_na_srad_2021.nc,2026-05-22T23:18:54.000Z
G2533272766-ORNL_CLOUD,Daymet_Daily_V4R1.daymet_v4_daily_na_tmax_2021.nc,tmax,2021,13709.811555,https://data.ornldaac.earthdata.nasa.gov/protected/daymet/Daymet_Daily_V4R1/data/daymet_v4_daily_na_tmax_2021.nc,https://opendap.earthdata.nasa.gov/collections/C2532426483-ORNL_CLOUD/granules/Daymet_Daily_V4R1.daymet_v4_daily_na_tmax_2021.nc,2026-05-22T23:18:54.000Z
G2533273775-ORNL_CLOUD,Daymet_Daily_V4R1.daymet_v4_daily_na_tmin_2021.nc,tmin,2021,13991.821119,https://data.ornldaac.earthdata.nasa.gov/protected/daymet/Daymet_Daily_V4R1/data/daymet_v4_daily_na_tmin_2021.nc,https://opendap.earthdata.nasa.gov/collections/C2532426483-ORNL_CLOUD/granules/Daymet_Daily_V4R1.daymet_v4_daily_na_tmin_2021.nc,2026-05-22T23:18:54.000Z
G2533274052-ORNL_CLOUD,Daymet_Daily_V4R1.daymet_v4_daily_na_vp_2021.nc,vp,2021,17016.168761,https://data.ornldaac.earthdata.nasa.gov/protected/daymet/Daymet_Daily_V4R1/data/daymet_v4_daily_na_vp_2021.nc,https://opendap.earthdata.nasa.gov/collections/C2532426483-ORNL_CLOUD/granules/Daymet_Daily_V4R1.daymet_v4_daily_na_vp_2021.nc,2026-05-22T23:18:54.000Z
G2625060397-ORNL_CLOUD,Daymet_Daily_V4R1.daymet_v4_daily_na_dayl_2022.nc,dayl,2022,1483.92,https://data.ornldaac.earthdata.nasa.gov/protected/daymet/Daymet_Daily_V4R1/data/daymet_v4_daily_na_dayl_2022.nc,https://opendap.earthdata.nasa.gov/collections/C2532426483-ORNL_CLOUD/granules/Daymet_Daily_V4R1.daymet_v4_daily_na_dayl_2022.nc,2026-05-22T23:18:54.000Z
G2625060389-ORNL_CLOUD,Daymet_Daily_V4R1.daymet_v4_daily_na_prcp_2022.nc,prcp,2022,4285.065116,https://data.ornldaac.earthdata.nasa.gov/protected/daymet/Daymet_Daily_V4R1/data/daymet_v4_daily_na_prcp_2022.nc,https://opendap.earthdata.nasa.gov/collections/C2532426483-ORNL_CLOUD/granules/Daymet_Daily_V4R1.daymet_v4_daily_na_prcp_2022.nc,2026-05-22T23:18:54.000Z
G2625060531-ORNL_CLOUD,Daymet_Daily_V4R1.daymet_v4_daily_na_srad_2022.nc,srad,2022,15811.773197,https://data.ornldaac.earthdata.nasa.gov/protected/daymet/Daymet_Daily_V4R1/data/daymet_v4_daily_na_srad_2022.nc,https://opendap.earthdata.nasa.gov/collections/C2532426483-ORNL_CLOUD/granules/Daymet_Daily_V4R1.daymet_v4_daily_na_srad_2022.nc,2026-05-22T23:18:54.000Z
G2625060396-ORNL_CLOUD,Daymet_Daily_V4R1.daymet_v4_daily_na_tmax_2022.nc,tmax,2022,13643.892695,https://data.ornldaac.earthdata.nasa.gov/protected/daymet/Daymet_Daily_V4R1/data/daymet_v4_daily_na_tmax_2022.nc,https://opendap.earthdata.nasa.gov/collections/C2532426483-ORNL_CLOUD/granules/Daymet_Daily_V4R1.daymet_v4_daily_na_tmax_2022.nc,2026-05-22T23:18:54.000Z
G2625060524-ORNL_CLOUD,Daymet_Daily_V4R1.daymet_v4_daily_na_tmin_2022.nc,tmin,2022,13930.135616,https://data.ornldaac.earthdata.nasa.gov/protected/daymet/Daymet_Daily_V4R1/data/daymet_v4_daily_na_tmin_2022.nc,https://opendap.earthdata.nasa.gov/collections/C2532426483-ORNL_CLOUD/granules/Daymet_Daily_V4R1.daymet_v4_daily_na_tmin_2022.nc,2026-05-22T23:18:54.000Z
G2625060436-ORNL_CLOUD,Daymet_Daily_V4R1.daymet_v4_daily_na_vp_2022.nc,vp,2022,16907.592512,https://data.ornldaac.earthdata.nasa.gov/protected/daymet/Daymet_Daily_V4R1/data/daymet_v4_daily_na_vp_2022.nc,https://opendap.earthdata.nasa.gov/collections/C2532426483-ORNL_CLOUD/granules/Daymet_Daily_V4R1.daymet_v4_daily_na_vp_2022.nc,2026-05-22T23:18:54.000Z
G2951156149-ORNL_CLOUD,Daymet_Daily_V4R1.daymet_v4_daily_na_dayl_2023.nc,dayl,2023,1483.92,https://data.ornldaac.earthdata.nasa.gov/protected/daymet/Daymet_Daily_V4R1/data/daymet_v4_daily_na_dayl_2023.nc,https://opendap.earthdata.nasa.gov/collections/C2532426483-ORNL_CLOUD/granules/Daymet_Daily_V4R1.daymet_v4_daily_na_dayl_2023.nc,2026-05-22T23:18:54.000Z
G2951157482-ORNL_CLOUD,Daymet_Daily_V4R1.daymet_v4_daily_na_prcp_2023.nc,prcp,2023,4240.865254,https://data.ornldaac.earthdata.nasa.gov/protected/daymet/Daymet_Daily_V4R1/data/daymet_v4_daily_na_prcp_2023.nc,https://opendap.earthdata.nasa.gov/collections/C2532426483-ORNL_CLOUD/granules/Daymet_Daily_V4R1.daymet_v4_daily_na_prcp_2023.nc,2026-05-22T23:18:54.000Z
G2951156041-ORNL_CLOUD,Daymet_Daily_V4R1.daymet_v4_daily_na_srad_2023.nc,srad,2023,15821.32413,https://data.ornldaac.earthdata.nasa.gov/protected/daymet/Daymet_Daily_V4R1/data/daymet_v4_daily_na_srad_2023.nc,https://opendap.earthdata.nasa.gov/collections/C2532426483-ORNL_CLOUD/granules/Daymet_Daily_V4R1.daymet_v4_daily_na_srad_2023.nc,2026-05-22T23:18:54.000Z
G2951156598-ORNL_CLOUD,Daymet_Daily_V4R1.daymet_v4_daily_na_tmax_2023.nc,tmax,2023,13621.784177,https://data.ornldaac.earthdata.nasa.gov/protected/daymet/Daymet_Daily_V4R1/data/daymet_v4_daily_na_tmax_2023.nc,https://opendap.earthdata.nasa.gov/collections/C2532426483-ORNL_CLOUD/granules/Daymet_Daily_V4R1.daymet_v4_daily_na_tmax_2023.nc,2026-05-22T23:18:54.000Z
G2951158003-ORNL_CLOUD,Daymet_Daily_V4R1.daymet_v4_daily_na_tmin_2023.nc,tmin,2023,13890.374531,https://data.ornldaac.earthdata.nasa.gov/protected/daymet/Daymet_Daily_V4R1/data/daymet_v4_daily_na_tmin_2023.nc,https://opendap.earthdata.nasa.gov/collections/C2532426483-ORNL_CLOUD/granules/Daymet_Daily_V4R1.daymet_v4_daily_na_tmin_2023.nc,2026-05-22T23:18:54.000Z
G2951155427-ORNL_CLOUD,Daymet_Daily_V4R1.daymet_v4_daily_na_vp_2023.nc,vp,2023,17023.964467,https://data.ornldaac.earthdata.nasa.gov/protected/daymet/Daymet_Daily_V4R1/data/daymet_v4_daily_na_vp_2023.nc,https://opendap.earthdata.nasa.gov/collections/C2532426483-ORNL_CLOUD/granules/Daymet_Daily_V4R1.daymet_v4_daily_na_vp_2023.nc,2026-05-22T23:18:54.000Z
G3717452412-ORNL_CLOUD,Daymet_Daily_V4R1.daymet_v4_daily_na_dayl_2024.nc,dayl,2024,1483.91921,https://data.ornldaac.earthdata.nasa.gov/protected/daymet/Daymet_Daily_V4R1/data/daymet_v4_daily_na_dayl_2024.nc,https://opendap.earthdata.nasa.gov/collections/C2532426483-ORNL_CLOUD/granules/Daymet_Daily_V4R1.daymet_v4_daily_na_dayl_2024.nc,2026-05-22T23:18:54.000Z
G3717450912-ORNL_CLOUD,Daymet_Daily_V4R1.daymet_v4_daily_na_prcp_2024.nc,prcp,2024,4471.051114,https://data.ornldaac.earthdata.nasa.gov/protected/daymet/Daymet_Daily_V4R1/data/daymet_v4_daily_na_prcp_2024.nc,https://opendap.earthdata.nasa.gov/collections/C2532426483-ORNL_CLOUD/granules/Daymet_Daily_V4R1.daymet_v4_daily_na_prcp_2024.nc,2026-05-22T23:18:54.000Z
G3717451492-ORNL_CLOUD,Daymet_Daily_V4R1.daymet_v4_daily_na_srad_2024.nc,srad,2024,15872.522217,https://data.ornldaac.earthdata.nasa.gov/protected/daymet/Daymet_Daily_V4R1/data/daymet_v4_daily_na_srad_2024.nc,https://opendap.earthdata.nasa.gov/collections/C2532426483-ORNL_CLOUD/granules/Daymet_Daily_V4R1.daymet_v4_daily_na_srad_2024.nc,2026-05-22T23:18:54.000Z
G3717451547-ORNL_CLOUD,Daymet_Daily_V4R1.daymet_v4_daily_na_tmax_2024.nc,tmax,2024,13752.768097,https://data.ornldaac.earthdata.nasa.gov/protected/daymet/Daymet_Daily_V4R1/data/daymet_v4_daily_na_tmax_2024.nc,https://opendap.earthdata.nasa.gov/collections/C2532426483-ORNL_CLOUD/granules/Daymet_Daily_V4R1.daymet_v4_daily_na_tmax_2024.nc,2026-05-22T23:18:54.000Z
G3717450050-ORNL_CLOUD,Daymet_Daily_V4R1.daymet_v4_daily_na_tmin_2024.nc,tmin,2024,14069.719258,https://data.ornldaac.earthdata.nasa.gov/protected/daymet/Daymet_Daily_V4R1/data/daymet_v4_daily_na_tmin_2024.nc,https://opendap.earthdata.nasa.gov/collections/C2532426483-ORNL_CLOUD/granules/Daymet_Daily_V4R1.daymet_v4_daily_na_tmin_2024.nc,2026-05-22T23:18:54.000Z
G3717450204-ORNL_CLOUD,Daymet_Daily_V4R1.daymet_v4_daily_na_vp_2024.nc,vp,2024,17048.012006,https://data.ornldaac.earthdata.nasa.gov/protected/daymet/Daymet_Daily_V4R1/data/daymet_v4_daily_na_vp_2024.nc,https://opendap.earthdata.nasa.gov/collections/C2532426483-ORNL_CLOUD/granules/Daymet_Daily_V4R1.daymet_v4_daily_na_vp_2024.nc,2026-05-22T23:18:54.000Z
