concept_id,variable,year,access_route,subset_y_start,subset_y_stop,subset_x_start,subset_x_stop,path,bytes,sha256,source_url,retrieved_on,credential_source
G2533273125-ORNL_CLOUD,dayl,2020,direct_dap4_fixed_indices_v1,5666,5745,2900,2963,data/raw/daymet/v4r1/subsets/daymet_v4r1_daily_na_dayl_2020_la_subset.nc,378823,96791b59c7611b7d9e1dbdca5d806d31494129dd5c26135cfa407cb1d19b161d,https://opendap.earthdata.nasa.gov/collections/C2532426483-ORNL_CLOUD/granules/Daymet_Daily_V4R1.daymet_v4_daily_na_dayl_2020.nc.dap.nc4?dap4.ce=%2Fy%5B5666%3A1%3A5745%5D%3B%2Fx%5B2900%3A1%3A2963%5D%3B%2Ftime%5B0%3A1%3A364%5D%3B%2Fyearday%5B0%3A1%3A364%5D%3B%2Ftime_bnds%5B0%3A1%3A364%5D%5B0%3A1%3A1%5D%3B%2Flat%5B5666%3A1%3A5745%5D%5B2900%3A1%3A2963%5D%3B%2Flon%5B5666%3A1%3A5745%5D%5B2900%3A1%3A2963%5D%3B%2Flambert_conformal_conic%3B%2Fdayl%5B0%3A1%3A364%5D%5B5666%3A1%3A5745%5D%5B2900%3A1%3A2963%5D,2026-07-20,EARTHDATA_TOKEN
G2533273473-ORNL_CLOUD,prcp,2020,direct_dap4_fixed_indices_v1,5666,5745,2900,2963,data/raw/daymet/v4r1/subsets/daymet_v4r1_daily_na_prcp_2020_la_subset.nc,433548,2aaee1dafb3463646814b5619e3684ba5a7c7c7ee281b8a0b75c6f5ccc677ee3,https://opendap.earthdata.nasa.gov/collections/C2532426483-ORNL_CLOUD/granules/Daymet_Daily_V4R1.daymet_v4_daily_na_prcp_2020.nc.dap.nc4?dap4.ce=%2Fy%5B5666%3A1%3A5745%5D%3B%2Fx%5B2900%3A1%3A2963%5D%3B%2Ftime%5B0%3A1%3A364%5D%3B%2Fyearday%5B0%3A1%3A364%5D%3B%2Ftime_bnds%5B0%3A1%3A364%5D%5B0%3A1%3A1%5D%3B%2Flat%5B5666%3A1%3A5745%5D%5B2900%3A1%3A2963%5D%3B%2Flon%5B5666%3A1%3A5745%5D%5B2900%3A1%3A2963%5D%3B%2Flambert_conformal_conic%3B%2Fprcp%5B0%3A1%3A364%5D%5B5666%3A1%3A5745%5D%5B2900%3A1%3A2963%5D,2026-07-20,EARTHDATA_TOKEN
G2533273212-ORNL_CLOUD,srad,2020,direct_dap4_fixed_indices_v1,5666,5745,2900,2963,data/raw/daymet/v4r1/subsets/daymet_v4r1_daily_na_srad_2020_la_subset.nc,3857748,e1ed695e5e9c4deff6d577b8c8c21dc626501100b394e348cc265933157924cd,https://opendap.earthdata.nasa.gov/collections/C2532426483-ORNL_CLOUD/granules/Daymet_Daily_V4R1.daymet_v4_daily_na_srad_2020.nc.dap.nc4?dap4.ce=%2Fy%5B5666%3A1%3A5745%5D%3B%2Fx%5B2900%3A1%3A2963%5D%3B%2Ftime%5B0%3A1%3A364%5D%3B%2Fyearday%5B0%3A1%3A364%5D%3B%2Ftime_bnds%5B0%3A1%3A364%5D%5B0%3A1%3A1%5D%3B%2Flat%5B5666%3A1%3A5745%5D%5B2900%3A1%3A2963%5D%3B%2Flon%5B5666%3A1%3A5745%5D%5B2900%3A1%3A2963%5D%3B%2Flambert_conformal_conic%3B%2Fsrad%5B0%3A1%3A364%5D%5B5666%3A1%3A5745%5D%5B2900%3A1%3A2963%5D,2026-07-20,EARTHDATA_TOKEN
G2533273692-ORNL_CLOUD,tmax,2020,direct_dap4_fixed_indices_v1,5666,5745,2900,2963,data/raw/daymet/v4r1/subsets/daymet_v4r1_daily_na_tmax_2020_la_subset.nc,2806240,be7eb0fb2b16b9a97e22d58c7ee1125674b87b5694ffef482f38a1e1e065d385,https://opendap.earthdata.nasa.gov/collections/C2532426483-ORNL_CLOUD/granules/Daymet_Daily_V4R1.daymet_v4_daily_na_tmax_2020.nc.dap.nc4?dap4.ce=%2Fy%5B5666%3A1%3A5745%5D%3B%2Fx%5B2900%3A1%3A2963%5D%3B%2Ftime%5B0%3A1%3A364%5D%3B%2Fyearday%5B0%3A1%3A364%5D%3B%2Ftime_bnds%5B0%3A1%3A364%5D%5B0%3A1%3A1%5D%3B%2Flat%5B5666%3A1%3A5745%5D%5B2900%3A1%3A2963%5D%3B%2Flon%5B5666%3A1%3A5745%5D%5B2900%3A1%3A2963%5D%3B%2Flambert_conformal_conic%3B%2Ftmax%5B0%3A1%3A364%5D%5B5666%3A1%3A5745%5D%5B2900%3A1%3A2963%5D,2026-07-20,EARTHDATA_TOKEN
G2533273115-ORNL_CLOUD,tmin,2020,direct_dap4_fixed_indices_v1,5666,5745,2900,2963,data/raw/daymet/v4r1/subsets/daymet_v4r1_daily_na_tmin_2020_la_subset.nc,2435077,f7ea1099404eb15cc69f9bedb19eace4a7b8fdc6b5072abcded99a33050be538,https://opendap.earthdata.nasa.gov/collections/C2532426483-ORNL_CLOUD/granules/Daymet_Daily_V4R1.daymet_v4_daily_na_tmin_2020.nc.dap.nc4?dap4.ce=%2Fy%5B5666%3A1%3A5745%5D%3B%2Fx%5B2900%3A1%3A2963%5D%3B%2Ftime%5B0%3A1%3A364%5D%3B%2Fyearday%5B0%3A1%3A364%5D%3B%2Ftime_bnds%5B0%3A1%3A364%5D%5B0%3A1%3A1%5D%3B%2Flat%5B5666%3A1%3A5745%5D%5B2900%3A1%3A2963%5D%3B%2Flon%5B5666%3A1%3A5745%5D%5B2900%3A1%3A2963%5D%3B%2Flambert_conformal_conic%3B%2Ftmin%5B0%3A1%3A364%5D%5B5666%3A1%3A5745%5D%5B2900%3A1%3A2963%5D,2026-07-20,EARTHDATA_TOKEN
G2533273308-ORNL_CLOUD,vp,2020,direct_dap4_fixed_indices_v1,5666,5745,2900,2963,data/raw/daymet/v4r1/subsets/daymet_v4r1_daily_na_vp_2020_la_subset.nc,4173275,7f15cb23a5254685ed3190c2b8f2225f2828a7bbd6173780e2cb6f033198324f,https://opendap.earthdata.nasa.gov/collections/C2532426483-ORNL_CLOUD/granules/Daymet_Daily_V4R1.daymet_v4_daily_na_vp_2020.nc.dap.nc4?dap4.ce=%2Fy%5B5666%3A1%3A5745%5D%3B%2Fx%5B2900%3A1%3A2963%5D%3B%2Ftime%5B0%3A1%3A364%5D%3B%2Fyearday%5B0%3A1%3A364%5D%3B%2Ftime_bnds%5B0%3A1%3A364%5D%5B0%3A1%3A1%5D%3B%2Flat%5B5666%3A1%3A5745%5D%5B2900%3A1%3A2963%5D%3B%2Flon%5B5666%3A1%3A5745%5D%5B2900%3A1%3A2963%5D%3B%2Flambert_conformal_conic%3B%2Fvp%5B0%3A1%3A364%5D%5B5666%3A1%3A5745%5D%5B2900%3A1%3A2963%5D,2026-07-20,EARTHDATA_TOKEN
G2533273063-ORNL_CLOUD,dayl,2021,direct_dap4_fixed_indices_v1,5666,5745,2900,2963,data/raw/daymet/v4r1/subsets/daymet_v4r1_daily_na_dayl_2021_la_subset.nc,378823,c1f1e6ab74144c484f2dc3ea4b09c50cb46234ecf6d926ea7787f1a3a72d7658,https://opendap.earthdata.nasa.gov/collections/C2532426483-ORNL_CLOUD/granules/Daymet_Daily_V4R1.daymet_v4_daily_na_dayl_2021.nc.dap.nc4?dap4.ce=%2Fy%5B5666%3A1%3A5745%5D%3B%2Fx%5B2900%3A1%3A2963%5D%3B%2Ftime%5B0%3A1%3A364%5D%3B%2Fyearday%5B0%3A1%3A364%5D%3B%2Ftime_bnds%5B0%3A1%3A364%5D%5B0%3A1%3A1%5D%3B%2Flat%5B5666%3A1%3A5745%5D%5B2900%3A1%3A2963%5D%3B%2Flon%5B5666%3A1%3A5745%5D%5B2900%3A1%3A2963%5D%3B%2Flambert_conformal_conic%3B%2Fdayl%5B0%3A1%3A364%5D%5B5666%3A1%3A5745%5D%5B2900%3A1%3A2963%5D,2026-07-20,EARTHDATA_TOKEN
G2533273728-ORNL_CLOUD,prcp,2021,direct_dap4_fixed_indices_v1,5666,5745,2900,2963,data/raw/daymet/v4r1/subsets/daymet_v4r1_daily_na_prcp_2021_la_subset.nc,465601,c922231ba2265bed913dc5ec0e6215c836ff0b9a435957ff0e548728cffe3701,https://opendap.earthdata.nasa.gov/collections/C2532426483-ORNL_CLOUD/granules/Daymet_Daily_V4R1.daymet_v4_daily_na_prcp_2021.nc.dap.nc4?dap4.ce=%2Fy%5B5666%3A1%3A5745%5D%3B%2Fx%5B2900%3A1%3A2963%5D%3B%2Ftime%5B0%3A1%3A364%5D%3B%2Fyearday%5B0%3A1%3A364%5D%3B%2Ftime_bnds%5B0%3A1%3A364%5D%5B0%3A1%3A1%5D%3B%2Flat%5B5666%3A1%3A5745%5D%5B2900%3A1%3A2963%5D%3B%2Flon%5B5666%3A1%3A5745%5D%5B2900%3A1%3A2963%5D%3B%2Flambert_conformal_conic%3B%2Fprcp%5B0%3A1%3A364%5D%5B5666%3A1%3A5745%5D%5B2900%3A1%3A2963%5D,2026-07-20,EARTHDATA_TOKEN
G2533273059-ORNL_CLOUD,srad,2021,direct_dap4_fixed_indices_v1,5666,5745,2900,2963,data/raw/daymet/v4r1/subsets/daymet_v4r1_daily_na_srad_2021_la_subset.nc,3866318,8846a26d7f6eedf85d5b423144b238a218ccb8c239867284110014d929deb209,https://opendap.earthdata.nasa.gov/collections/C2532426483-ORNL_CLOUD/granules/Daymet_Daily_V4R1.daymet_v4_daily_na_srad_2021.nc.dap.nc4?dap4.ce=%2Fy%5B5666%3A1%3A5745%5D%3B%2Fx%5B2900%3A1%3A2963%5D%3B%2Ftime%5B0%3A1%3A364%5D%3B%2Fyearday%5B0%3A1%3A364%5D%3B%2Ftime_bnds%5B0%3A1%3A364%5D%5B0%3A1%3A1%5D%3B%2Flat%5B5666%3A1%3A5745%5D%5B2900%3A1%3A2963%5D%3B%2Flon%5B5666%3A1%3A5745%5D%5B2900%3A1%3A2963%5D%3B%2Flambert_conformal_conic%3B%2Fsrad%5B0%3A1%3A364%5D%5B5666%3A1%3A5745%5D%5B2900%3A1%3A2963%5D,2026-07-20,EARTHDATA_TOKEN
G2533272766-ORNL_CLOUD,tmax,2021,direct_dap4_fixed_indices_v1,5666,5745,2900,2963,data/raw/daymet/v4r1/subsets/daymet_v4r1_daily_na_tmax_2021_la_subset.nc,2820403,e955a6444c668f0c822fdffb50cc057e8a4c840e2f7d2724519e0904fc122fd0,https://opendap.earthdata.nasa.gov/collections/C2532426483-ORNL_CLOUD/granules/Daymet_Daily_V4R1.daymet_v4_daily_na_tmax_2021.nc.dap.nc4?dap4.ce=%2Fy%5B5666%3A1%3A5745%5D%3B%2Fx%5B2900%3A1%3A2963%5D%3B%2Ftime%5B0%3A1%3A364%5D%3B%2Fyearday%5B0%3A1%3A364%5D%3B%2Ftime_bnds%5B0%3A1%3A364%5D%5B0%3A1%3A1%5D%3B%2Flat%5B5666%3A1%3A5745%5D%5B2900%3A1%3A2963%5D%3B%2Flon%5B5666%3A1%3A5745%5D%5B2900%3A1%3A2963%5D%3B%2Flambert_conformal_conic%3B%2Ftmax%5B0%3A1%3A364%5D%5B5666%3A1%3A5745%5D%5B2900%3A1%3A2963%5D,2026-07-20,EARTHDATA_TOKEN
G2533273775-ORNL_CLOUD,tmin,2021,direct_dap4_fixed_indices_v1,5666,5745,2900,2963,data/raw/daymet/v4r1/subsets/daymet_v4r1_daily_na_tmin_2021_la_subset.nc,2422973,9ab47e321fed04ad80d4018a7197271419025e0be8c1e73a4f53f1a2972f2117,https://opendap.earthdata.nasa.gov/collections/C2532426483-ORNL_CLOUD/granules/Daymet_Daily_V4R1.daymet_v4_daily_na_tmin_2021.nc.dap.nc4?dap4.ce=%2Fy%5B5666%3A1%3A5745%5D%3B%2Fx%5B2900%3A1%3A2963%5D%3B%2Ftime%5B0%3A1%3A364%5D%3B%2Fyearday%5B0%3A1%3A364%5D%3B%2Ftime_bnds%5B0%3A1%3A364%5D%5B0%3A1%3A1%5D%3B%2Flat%5B5666%3A1%3A5745%5D%5B2900%3A1%3A2963%5D%3B%2Flon%5B5666%3A1%3A5745%5D%5B2900%3A1%3A2963%5D%3B%2Flambert_conformal_conic%3B%2Ftmin%5B0%3A1%3A364%5D%5B5666%3A1%3A5745%5D%5B2900%3A1%3A2963%5D,2026-07-20,EARTHDATA_TOKEN
G2533274052-ORNL_CLOUD,vp,2021,direct_dap4_fixed_indices_v1,5666,5745,2900,2963,data/raw/daymet/v4r1/subsets/daymet_v4r1_daily_na_vp_2021_la_subset.nc,4140163,0ed28e457398424d9ebacff54956e15e31660411b81239c0e4cd63136135a79a,https://opendap.earthdata.nasa.gov/collections/C2532426483-ORNL_CLOUD/granules/Daymet_Daily_V4R1.daymet_v4_daily_na_vp_2021.nc.dap.nc4?dap4.ce=%2Fy%5B5666%3A1%3A5745%5D%3B%2Fx%5B2900%3A1%3A2963%5D%3B%2Ftime%5B0%3A1%3A364%5D%3B%2Fyearday%5B0%3A1%3A364%5D%3B%2Ftime_bnds%5B0%3A1%3A364%5D%5B0%3A1%3A1%5D%3B%2Flat%5B5666%3A1%3A5745%5D%5B2900%3A1%3A2963%5D%3B%2Flon%5B5666%3A1%3A5745%5D%5B2900%3A1%3A2963%5D%3B%2Flambert_conformal_conic%3B%2Fvp%5B0%3A1%3A364%5D%5B5666%3A1%3A5745%5D%5B2900%3A1%3A2963%5D,2026-07-20,EARTHDATA_TOKEN
G2625060397-ORNL_CLOUD,dayl,2022,direct_dap4_fixed_indices_v1,5666,5745,2900,2963,data/raw/daymet/v4r1/subsets/daymet_v4r1_daily_na_dayl_2022_la_subset.nc,378823,068466f280016c881b922ad12e4e817c3b87eb5e216c376e0a5e9143b031d3bd,https://opendap.earthdata.nasa.gov/collections/C2532426483-ORNL_CLOUD/granules/Daymet_Daily_V4R1.daymet_v4_daily_na_dayl_2022.nc.dap.nc4?dap4.ce=%2Fy%5B5666%3A1%3A5745%5D%3B%2Fx%5B2900%3A1%3A2963%5D%3B%2Ftime%5B0%3A1%3A364%5D%3B%2Fyearday%5B0%3A1%3A364%5D%3B%2Ftime_bnds%5B0%3A1%3A364%5D%5B0%3A1%3A1%5D%3B%2Flat%5B5666%3A1%3A5745%5D%5B2900%3A1%3A2963%5D%3B%2Flon%5B5666%3A1%3A5745%5D%5B2900%3A1%3A2963%5D%3B%2Flambert_conformal_conic%3B%2Fdayl%5B0%3A1%3A364%5D%5B5666%3A1%3A5745%5D%5B2900%3A1%3A2963%5D,2026-07-20,EARTHDATA_TOKEN
G2625060389-ORNL_CLOUD,prcp,2022,direct_dap4_fixed_indices_v1,5666,5745,2900,2963,data/raw/daymet/v4r1/subsets/daymet_v4r1_daily_na_prcp_2022_la_subset.nc,427936,685ecbb284fef10ccfe8a8ec37109fec55a737c86132e5b561f1403effc84ebf,https://opendap.earthdata.nasa.gov/collections/C2532426483-ORNL_CLOUD/granules/Daymet_Daily_V4R1.daymet_v4_daily_na_prcp_2022.nc.dap.nc4?dap4.ce=%2Fy%5B5666%3A1%3A5745%5D%3B%2Fx%5B2900%3A1%3A2963%5D%3B%2Ftime%5B0%3A1%3A364%5D%3B%2Fyearday%5B0%3A1%3A364%5D%3B%2Ftime_bnds%5B0%3A1%3A364%5D%5B0%3A1%3A1%5D%3B%2Flat%5B5666%3A1%3A5745%5D%5B2900%3A1%3A2963%5D%3B%2Flon%5B5666%3A1%3A5745%5D%5B2900%3A1%3A2963%5D%3B%2Flambert_conformal_conic%3B%2Fprcp%5B0%3A1%3A364%5D%5B5666%3A1%3A5745%5D%5B2900%3A1%3A2963%5D,2026-07-20,EARTHDATA_TOKEN
G2625060531-ORNL_CLOUD,srad,2022,direct_dap4_fixed_indices_v1,5666,5745,2900,2963,data/raw/daymet/v4r1/subsets/daymet_v4r1_daily_na_srad_2022_la_subset.nc,3854801,f8a80f816ae58d06f59d705f5ddb06b5541d51450138d0cf799c6cd011b975f2,https://opendap.earthdata.nasa.gov/collections/C2532426483-ORNL_CLOUD/granules/Daymet_Daily_V4R1.daymet_v4_daily_na_srad_2022.nc.dap.nc4?dap4.ce=%2Fy%5B5666%3A1%3A5745%5D%3B%2Fx%5B2900%3A1%3A2963%5D%3B%2Ftime%5B0%3A1%3A364%5D%3B%2Fyearday%5B0%3A1%3A364%5D%3B%2Ftime_bnds%5B0%3A1%3A364%5D%5B0%3A1%3A1%5D%3B%2Flat%5B5666%3A1%3A5745%5D%5B2900%3A1%3A2963%5D%3B%2Flon%5B5666%3A1%3A5745%5D%5B2900%3A1%3A2963%5D%3B%2Flambert_conformal_conic%3B%2Fsrad%5B0%3A1%3A364%5D%5B5666%3A1%3A5745%5D%5B2900%3A1%3A2963%5D,2026-07-20,EARTHDATA_TOKEN
G2625060396-ORNL_CLOUD,tmax,2022,direct_dap4_fixed_indices_v1,5666,5745,2900,2963,data/raw/daymet/v4r1/subsets/daymet_v4r1_daily_na_tmax_2022_la_subset.nc,2822836,7f652b7cc3658fc6c7cd737894abc58d518571f8f3d6069b1eefb4486d605357,https://opendap.earthdata.nasa.gov/collections/C2532426483-ORNL_CLOUD/granules/Daymet_Daily_V4R1.daymet_v4_daily_na_tmax_2022.nc.dap.nc4?dap4.ce=%2Fy%5B5666%3A1%3A5745%5D%3B%2Fx%5B2900%3A1%3A2963%5D%3B%2Ftime%5B0%3A1%3A364%5D%3B%2Fyearday%5B0%3A1%3A364%5D%3B%2Ftime_bnds%5B0%3A1%3A364%5D%5B0%3A1%3A1%5D%3B%2Flat%5B5666%3A1%3A5745%5D%5B2900%3A1%3A2963%5D%3B%2Flon%5B5666%3A1%3A5745%5D%5B2900%3A1%3A2963%5D%3B%2Flambert_conformal_conic%3B%2Ftmax%5B0%3A1%3A364%5D%5B5666%3A1%3A5745%5D%5B2900%3A1%3A2963%5D,2026-07-20,EARTHDATA_TOKEN
G2625060524-ORNL_CLOUD,tmin,2022,direct_dap4_fixed_indices_v1,5666,5745,2900,2963,data/raw/daymet/v4r1/subsets/daymet_v4r1_daily_na_tmin_2022_la_subset.nc,2435610,dc9959ddbd57187fc1ca62ad94f06346a842dc5afe92cd9f07757f15a38532bc,https://opendap.earthdata.nasa.gov/collections/C2532426483-ORNL_CLOUD/granules/Daymet_Daily_V4R1.daymet_v4_daily_na_tmin_2022.nc.dap.nc4?dap4.ce=%2Fy%5B5666%3A1%3A5745%5D%3B%2Fx%5B2900%3A1%3A2963%5D%3B%2Ftime%5B0%3A1%3A364%5D%3B%2Fyearday%5B0%3A1%3A364%5D%3B%2Ftime_bnds%5B0%3A1%3A364%5D%5B0%3A1%3A1%5D%3B%2Flat%5B5666%3A1%3A5745%5D%5B2900%3A1%3A2963%5D%3B%2Flon%5B5666%3A1%3A5745%5D%5B2900%3A1%3A2963%5D%3B%2Flambert_conformal_conic%3B%2Ftmin%5B0%3A1%3A364%5D%5B5666%3A1%3A5745%5D%5B2900%3A1%3A2963%5D,2026-07-20,EARTHDATA_TOKEN
G2625060436-ORNL_CLOUD,vp,2022,direct_dap4_fixed_indices_v1,5666,5745,2900,2963,data/raw/daymet/v4r1/subsets/daymet_v4r1_daily_na_vp_2022_la_subset.nc,4153717,0772860877da39195c439f5d5455828db62e6a889b5b2e846f0bbb58604fa439,https://opendap.earthdata.nasa.gov/collections/C2532426483-ORNL_CLOUD/granules/Daymet_Daily_V4R1.daymet_v4_daily_na_vp_2022.nc.dap.nc4?dap4.ce=%2Fy%5B5666%3A1%3A5745%5D%3B%2Fx%5B2900%3A1%3A2963%5D%3B%2Ftime%5B0%3A1%3A364%5D%3B%2Fyearday%5B0%3A1%3A364%5D%3B%2Ftime_bnds%5B0%3A1%3A364%5D%5B0%3A1%3A1%5D%3B%2Flat%5B5666%3A1%3A5745%5D%5B2900%3A1%3A2963%5D%3B%2Flon%5B5666%3A1%3A5745%5D%5B2900%3A1%3A2963%5D%3B%2Flambert_conformal_conic%3B%2Fvp%5B0%3A1%3A364%5D%5B5666%3A1%3A5745%5D%5B2900%3A1%3A2963%5D,2026-07-20,EARTHDATA_TOKEN
G2951156149-ORNL_CLOUD,dayl,2023,direct_dap4_fixed_indices_v1,5666,5745,2900,2963,data/raw/daymet/v4r1/subsets/daymet_v4r1_daily_na_dayl_2023_la_subset.nc,378823,3c8c9b8dce0a76941c42f2d1c9e3c9aa3b6ec834137156cefd5be6b8f680a45a,https://opendap.earthdata.nasa.gov/collections/C2532426483-ORNL_CLOUD/granules/Daymet_Daily_V4R1.daymet_v4_daily_na_dayl_2023.nc.dap.nc4?dap4.ce=%2Fy%5B5666%3A1%3A5745%5D%3B%2Fx%5B2900%3A1%3A2963%5D%3B%2Ftime%5B0%3A1%3A364%5D%3B%2Fyearday%5B0%3A1%3A364%5D%3B%2Ftime_bnds%5B0%3A1%3A364%5D%5B0%3A1%3A1%5D%3B%2Flat%5B5666%3A1%3A5745%5D%5B2900%3A1%3A2963%5D%3B%2Flon%5B5666%3A1%3A5745%5D%5B2900%3A1%3A2963%5D%3B%2Flambert_conformal_conic%3B%2Fdayl%5B0%3A1%3A364%5D%5B5666%3A1%3A5745%5D%5B2900%3A1%3A2963%5D,2026-07-20,EARTHDATA_TOKEN
G2951157482-ORNL_CLOUD,prcp,2023,direct_dap4_fixed_indices_v1,5666,5745,2900,2963,data/raw/daymet/v4r1/subsets/daymet_v4r1_daily_na_prcp_2023_la_subset.nc,675646,e89e12e8a35ec9b597f9583b93bce89a04b2682039d5e4fa1b2580efad08e38b,https://opendap.earthdata.nasa.gov/collections/C2532426483-ORNL_CLOUD/granules/Daymet_Daily_V4R1.daymet_v4_daily_na_prcp_2023.nc.dap.nc4?dap4.ce=%2Fy%5B5666%3A1%3A5745%5D%3B%2Fx%5B2900%3A1%3A2963%5D%3B%2Ftime%5B0%3A1%3A364%5D%3B%2Fyearday%5B0%3A1%3A364%5D%3B%2Ftime_bnds%5B0%3A1%3A364%5D%5B0%3A1%3A1%5D%3B%2Flat%5B5666%3A1%3A5745%5D%5B2900%3A1%3A2963%5D%3B%2Flon%5B5666%3A1%3A5745%5D%5B2900%3A1%3A2963%5D%3B%2Flambert_conformal_conic%3B%2Fprcp%5B0%3A1%3A364%5D%5B5666%3A1%3A5745%5D%5B2900%3A1%3A2963%5D,2026-07-20,EARTHDATA_TOKEN
G2951156041-ORNL_CLOUD,srad,2023,direct_dap4_fixed_indices_v1,5666,5745,2900,2963,data/raw/daymet/v4r1/subsets/daymet_v4r1_daily_na_srad_2023_la_subset.nc,3871738,c4c87e2e658575e1a84393cdaaab113ea0e30169d97074120cc0c034ea1db92f,https://opendap.earthdata.nasa.gov/collections/C2532426483-ORNL_CLOUD/granules/Daymet_Daily_V4R1.daymet_v4_daily_na_srad_2023.nc.dap.nc4?dap4.ce=%2Fy%5B5666%3A1%3A5745%5D%3B%2Fx%5B2900%3A1%3A2963%5D%3B%2Ftime%5B0%3A1%3A364%5D%3B%2Fyearday%5B0%3A1%3A364%5D%3B%2Ftime_bnds%5B0%3A1%3A364%5D%5B0%3A1%3A1%5D%3B%2Flat%5B5666%3A1%3A5745%5D%5B2900%3A1%3A2963%5D%3B%2Flon%5B5666%3A1%3A5745%5D%5B2900%3A1%3A2963%5D%3B%2Flambert_conformal_conic%3B%2Fsrad%5B0%3A1%3A364%5D%5B5666%3A1%3A5745%5D%5B2900%3A1%3A2963%5D,2026-07-20,EARTHDATA_TOKEN
G2951156598-ORNL_CLOUD,tmax,2023,direct_dap4_fixed_indices_v1,5666,5745,2900,2963,data/raw/daymet/v4r1/subsets/daymet_v4r1_daily_na_tmax_2023_la_subset.nc,2805891,36ec95ffa642e5b05dd541a4d4d26ebf33de297b4b0d7b77798c4f5cfe9e0584,https://opendap.earthdata.nasa.gov/collections/C2532426483-ORNL_CLOUD/granules/Daymet_Daily_V4R1.daymet_v4_daily_na_tmax_2023.nc.dap.nc4?dap4.ce=%2Fy%5B5666%3A1%3A5745%5D%3B%2Fx%5B2900%3A1%3A2963%5D%3B%2Ftime%5B0%3A1%3A364%5D%3B%2Fyearday%5B0%3A1%3A364%5D%3B%2Ftime_bnds%5B0%3A1%3A364%5D%5B0%3A1%3A1%5D%3B%2Flat%5B5666%3A1%3A5745%5D%5B2900%3A1%3A2963%5D%3B%2Flon%5B5666%3A1%3A5745%5D%5B2900%3A1%3A2963%5D%3B%2Flambert_conformal_conic%3B%2Ftmax%5B0%3A1%3A364%5D%5B5666%3A1%3A5745%5D%5B2900%3A1%3A2963%5D,2026-07-20,EARTHDATA_TOKEN
G2951158003-ORNL_CLOUD,tmin,2023,direct_dap4_fixed_indices_v1,5666,5745,2900,2963,data/raw/daymet/v4r1/subsets/daymet_v4r1_daily_na_tmin_2023_la_subset.nc,2499598,6524a953acf3f28417868ce8c397a36ca4f6e9c3a4cdad39bcb87f89aee8eb32,https://opendap.earthdata.nasa.gov/collections/C2532426483-ORNL_CLOUD/granules/Daymet_Daily_V4R1.daymet_v4_daily_na_tmin_2023.nc.dap.nc4?dap4.ce=%2Fy%5B5666%3A1%3A5745%5D%3B%2Fx%5B2900%3A1%3A2963%5D%3B%2Ftime%5B0%3A1%3A364%5D%3B%2Fyearday%5B0%3A1%3A364%5D%3B%2Ftime_bnds%5B0%3A1%3A364%5D%5B0%3A1%3A1%5D%3B%2Flat%5B5666%3A1%3A5745%5D%5B2900%3A1%3A2963%5D%3B%2Flon%5B5666%3A1%3A5745%5D%5B2900%3A1%3A2963%5D%3B%2Flambert_conformal_conic%3B%2Ftmin%5B0%3A1%3A364%5D%5B5666%3A1%3A5745%5D%5B2900%3A1%3A2963%5D,2026-07-20,EARTHDATA_TOKEN
G2951155427-ORNL_CLOUD,vp,2023,direct_dap4_fixed_indices_v1,5666,5745,2900,2963,data/raw/daymet/v4r1/subsets/daymet_v4r1_daily_na_vp_2023_la_subset.nc,4214836,2481bcbf836440ebe64d571172aff932b8c6348bc7f1cf951781ae086acd5b77,https://opendap.earthdata.nasa.gov/collections/C2532426483-ORNL_CLOUD/granules/Daymet_Daily_V4R1.daymet_v4_daily_na_vp_2023.nc.dap.nc4?dap4.ce=%2Fy%5B5666%3A1%3A5745%5D%3B%2Fx%5B2900%3A1%3A2963%5D%3B%2Ftime%5B0%3A1%3A364%5D%3B%2Fyearday%5B0%3A1%3A364%5D%3B%2Ftime_bnds%5B0%3A1%3A364%5D%5B0%3A1%3A1%5D%3B%2Flat%5B5666%3A1%3A5745%5D%5B2900%3A1%3A2963%5D%3B%2Flon%5B5666%3A1%3A5745%5D%5B2900%3A1%3A2963%5D%3B%2Flambert_conformal_conic%3B%2Fvp%5B0%3A1%3A364%5D%5B5666%3A1%3A5745%5D%5B2900%3A1%3A2963%5D,2026-07-20,EARTHDATA_TOKEN
G3717452412-ORNL_CLOUD,dayl,2024,direct_dap4_fixed_indices_v1,5666,5745,2900,2963,data/raw/daymet/v4r1/subsets/daymet_v4r1_daily_na_dayl_2024_la_subset.nc,378823,f4ff4635639b1c49a78f3cd7f2b63acda8363d52cda1eee4684bc2c21c7187c6,https://opendap.earthdata.nasa.gov/collections/C2532426483-ORNL_CLOUD/granules/Daymet_Daily_V4R1.daymet_v4_daily_na_dayl_2024.nc.dap.nc4?dap4.ce=%2Fy%5B5666%3A1%3A5745%5D%3B%2Fx%5B2900%3A1%3A2963%5D%3B%2Ftime%5B0%3A1%3A364%5D%3B%2Fyearday%5B0%3A1%3A364%5D%3B%2Ftime_bnds%5B0%3A1%3A364%5D%5B0%3A1%3A1%5D%3B%2Flat%5B5666%3A1%3A5745%5D%5B2900%3A1%3A2963%5D%3B%2Flon%5B5666%3A1%3A5745%5D%5B2900%3A1%3A2963%5D%3B%2Flambert_conformal_conic%3B%2Fdayl%5B0%3A1%3A364%5D%5B5666%3A1%3A5745%5D%5B2900%3A1%3A2963%5D,2026-07-20,EARTHDATA_TOKEN
G3717450912-ORNL_CLOUD,prcp,2024,direct_dap4_fixed_indices_v1,5666,5745,2900,2963,data/raw/daymet/v4r1/subsets/daymet_v4r1_daily_na_prcp_2024_la_subset.nc,519919,2eb7d07b96615d0ac48e4035f59d3d7507c7b6c652305298754dd8246d03a9c3,https://opendap.earthdata.nasa.gov/collections/C2532426483-ORNL_CLOUD/granules/Daymet_Daily_V4R1.daymet_v4_daily_na_prcp_2024.nc.dap.nc4?dap4.ce=%2Fy%5B5666%3A1%3A5745%5D%3B%2Fx%5B2900%3A1%3A2963%5D%3B%2Ftime%5B0%3A1%3A364%5D%3B%2Fyearday%5B0%3A1%3A364%5D%3B%2Ftime_bnds%5B0%3A1%3A364%5D%5B0%3A1%3A1%5D%3B%2Flat%5B5666%3A1%3A5745%5D%5B2900%3A1%3A2963%5D%3B%2Flon%5B5666%3A1%3A5745%5D%5B2900%3A1%3A2963%5D%3B%2Flambert_conformal_conic%3B%2Fprcp%5B0%3A1%3A364%5D%5B5666%3A1%3A5745%5D%5B2900%3A1%3A2963%5D,2026-07-20,EARTHDATA_TOKEN
G3717451492-ORNL_CLOUD,srad,2024,direct_dap4_fixed_indices_v1,5666,5745,2900,2963,data/raw/daymet/v4r1/subsets/daymet_v4r1_daily_na_srad_2024_la_subset.nc,3867857,095c1c555ae6b9ea67e26bde19326042f0f517369ce0e690a784e12e3954cfaa,https://opendap.earthdata.nasa.gov/collections/C2532426483-ORNL_CLOUD/granules/Daymet_Daily_V4R1.daymet_v4_daily_na_srad_2024.nc.dap.nc4?dap4.ce=%2Fy%5B5666%3A1%3A5745%5D%3B%2Fx%5B2900%3A1%3A2963%5D%3B%2Ftime%5B0%3A1%3A364%5D%3B%2Fyearday%5B0%3A1%3A364%5D%3B%2Ftime_bnds%5B0%3A1%3A364%5D%5B0%3A1%3A1%5D%3B%2Flat%5B5666%3A1%3A5745%5D%5B2900%3A1%3A2963%5D%3B%2Flon%5B5666%3A1%3A5745%5D%5B2900%3A1%3A2963%5D%3B%2Flambert_conformal_conic%3B%2Fsrad%5B0%3A1%3A364%5D%5B5666%3A1%3A5745%5D%5B2900%3A1%3A2963%5D,2026-07-20,EARTHDATA_TOKEN
G3717451547-ORNL_CLOUD,tmax,2024,direct_dap4_fixed_indices_v1,5666,5745,2900,2963,data/raw/daymet/v4r1/subsets/daymet_v4r1_daily_na_tmax_2024_la_subset.nc,2803052,379b14cb9cf2fd3378531f988f64e94d6ba01593a7a902057e146c90e2ebb719,https://opendap.earthdata.nasa.gov/collections/C2532426483-ORNL_CLOUD/granules/Daymet_Daily_V4R1.daymet_v4_daily_na_tmax_2024.nc.dap.nc4?dap4.ce=%2Fy%5B5666%3A1%3A5745%5D%3B%2Fx%5B2900%3A1%3A2963%5D%3B%2Ftime%5B0%3A1%3A364%5D%3B%2Fyearday%5B0%3A1%3A364%5D%3B%2Ftime_bnds%5B0%3A1%3A364%5D%5B0%3A1%3A1%5D%3B%2Flat%5B5666%3A1%3A5745%5D%5B2900%3A1%3A2963%5D%3B%2Flon%5B5666%3A1%3A5745%5D%5B2900%3A1%3A2963%5D%3B%2Flambert_conformal_conic%3B%2Ftmax%5B0%3A1%3A364%5D%5B5666%3A1%3A5745%5D%5B2900%3A1%3A2963%5D,2026-07-20,EARTHDATA_TOKEN
G3717450050-ORNL_CLOUD,tmin,2024,direct_dap4_fixed_indices_v1,5666,5745,2900,2963,data/raw/daymet/v4r1/subsets/daymet_v4r1_daily_na_tmin_2024_la_subset.nc,2437260,705c237a55d0d2073dfe438379642272e703872cc37b9d1c6b3f549d790fa5bd,https://opendap.earthdata.nasa.gov/collections/C2532426483-ORNL_CLOUD/granules/Daymet_Daily_V4R1.daymet_v4_daily_na_tmin_2024.nc.dap.nc4?dap4.ce=%2Fy%5B5666%3A1%3A5745%5D%3B%2Fx%5B2900%3A1%3A2963%5D%3B%2Ftime%5B0%3A1%3A364%5D%3B%2Fyearday%5B0%3A1%3A364%5D%3B%2Ftime_bnds%5B0%3A1%3A364%5D%5B0%3A1%3A1%5D%3B%2Flat%5B5666%3A1%3A5745%5D%5B2900%3A1%3A2963%5D%3B%2Flon%5B5666%3A1%3A5745%5D%5B2900%3A1%3A2963%5D%3B%2Flambert_conformal_conic%3B%2Ftmin%5B0%3A1%3A364%5D%5B5666%3A1%3A5745%5D%5B2900%3A1%3A2963%5D,2026-07-20,EARTHDATA_TOKEN
G3717450204-ORNL_CLOUD,vp,2024,direct_dap4_fixed_indices_v1,5666,5745,2900,2963,data/raw/daymet/v4r1/subsets/daymet_v4r1_daily_na_vp_2024_la_subset.nc,4134750,3c4c58afe114d5aa22b0ddc250e8f6635df52aba3f24dd1dd078e94a87d95ba9,https://opendap.earthdata.nasa.gov/collections/C2532426483-ORNL_CLOUD/granules/Daymet_Daily_V4R1.daymet_v4_daily_na_vp_2024.nc.dap.nc4?dap4.ce=%2Fy%5B5666%3A1%3A5745%5D%3B%2Fx%5B2900%3A1%3A2963%5D%3B%2Ftime%5B0%3A1%3A364%5D%3B%2Fyearday%5B0%3A1%3A364%5D%3B%2Ftime_bnds%5B0%3A1%3A364%5D%5B0%3A1%3A1%5D%3B%2Flat%5B5666%3A1%3A5745%5D%5B2900%3A1%3A2963%5D%3B%2Flon%5B5666%3A1%3A5745%5D%5B2900%3A1%3A2963%5D%3B%2Flambert_conformal_conic%3B%2Fvp%5B0%3A1%3A364%5D%5B5666%3A1%3A5745%5D%5B2900%3A1%3A2963%5D,2026-07-20,EARTHDATA_TOKEN
