overpass_id,platform,local_date,acquired_utc_min,acquired_utc_max,scene_ids,wrs_path_rows,scene_count,union_city_coverage_fraction,ambiguous_local_date,primary_eligible,source_lock_sha256
landsat-8_20200516T182745Z,landsat-8,2020-05-16,2020-05-16T18:27:45.431567+00:00,2020-05-16T18:28:09.326842+00:00,LC08_L2SP_041036_20200516_02_T1|LC08_L2SP_041037_20200516_02_T1,041/036|041/037,2,0.9999999999999992,False,True,2f3cb4076d3837b33c3a4b4adb0cc4bb6abadbc53a2d394a6e8e4dc42006555e
landsat-8_20200601T182750Z,landsat-8,2020-06-01,2020-06-01T18:27:50.386539+00:00,2020-06-01T18:28:14.281814+00:00,LC08_L2SP_041036_20200601_02_T1|LC08_L2SP_041037_20200601_02_T1,041/036|041/037,2,0.9999999999999992,False,True,a564fdc249d406bfb9bebb3afc2c567392f898d5e75db238785103e20ea50f5d
landsat-8_20200617T182800Z,landsat-8,2020-06-17,2020-06-17T18:28:00.236661+00:00,2020-06-17T18:28:24.127701+00:00,LC08_L2SP_041036_20200617_02_T1|LC08_L2SP_041037_20200617_02_T1,041/036|041/037,2,0.9999999999999992,False,True,b312c740570f6fdb150043f382a7f7f290eaea1817083b0334e927bcda16ffde
landsat-8_20200703T182808Z,landsat-8,2020-07-03,2020-07-03T18:28:08.021113+00:00,2020-07-03T18:28:31.912153+00:00,LC08_L2SP_041036_20200703_02_T1|LC08_L2SP_041037_20200703_02_T1,041/036|041/037,2,0.9999999999999992,False,True,98f83e6c7dd38a029deb9fe187e0401d08c09081e4f33b771a5ef393f56eaabc
landsat-8_20200719T182813Z,landsat-8,2020-07-19,2020-07-19T18:28:13.806053+00:00,2020-07-19T18:28:37.701329+00:00,LC08_L2SP_041036_20200719_02_T1|LC08_L2SP_041037_20200719_02_T1,041/036|041/037,2,0.9999999999999992,False,True,7f846fd49e79f0f9ff63120b2fe8ac534aaae85ff4800dbbe72eb6dd03416ac4
landsat-8_20200804T182817Z,landsat-8,2020-08-04,2020-08-04T18:28:17.620792+00:00,2020-08-04T18:28:41.507596+00:00,LC08_L2SP_041036_20200804_02_T1|LC08_L2SP_041037_20200804_02_T1,041/036|041/037,2,0.9999999999999992,False,True,1f26819262990787a908267518c3b879c426ee6f13e014f5c948ba1c35221533
landsat-8_20200820T182823Z,landsat-8,2020-08-20,2020-08-20T18:28:23.781183+00:00,2020-08-20T18:28:47.672222+00:00,LC08_L2SP_041036_20200820_02_T1|LC08_L2SP_041037_20200820_02_T1,041/036|041/037,2,0.9999999999999992,False,True,31ed75215d9d59f43dd2ad91754468a2006a0a62733505808fd2df151e69d6c7
landsat-8_20200905T182831Z,landsat-8,2020-09-05,2020-09-05T18:28:31.330346+00:00,2020-09-05T18:28:55.225621+00:00,LC08_L2SP_041036_20200905_02_T1|LC08_L2SP_041037_20200905_02_T1,041/036|041/037,2,0.9999999999999992,False,True,1ca9b260859dbf95005042cca9470fb67a1934a31f461632e435ab47c83d9a0e
landsat-8_20200921T182836Z,landsat-8,2020-09-21,2020-09-21T18:28:36.731621+00:00,2020-09-21T18:29:00.626897+00:00,LC08_L2SP_041036_20200921_02_T1|LC08_L2SP_041037_20200921_02_T1,041/036|041/037,2,0.9999999999999992,False,True,915b8d3a5d4f755888f4cfcf7105971d11b535ed8c81a09c2f815ff336aea055
landsat-8_20201007T182839Z,landsat-8,2020-10-07,2020-10-07T18:28:39.748875+00:00,2020-10-07T18:29:03.644150+00:00,LC08_L2SP_041036_20201007_02_T1|LC08_L2SP_041037_20201007_02_T1,041/036|041/037,2,0.9999999999999992,False,True,7d30810a33ecf63551af21920c52e2a75cba178c6da9630acd26b7921b76cc27
landsat-8_20201023T182840Z,landsat-8,2020-10-23,2020-10-23T18:28:40.090724+00:00,2020-10-23T18:29:03.977528+00:00,LC08_L2SP_041036_20201023_02_T1|LC08_L2SP_041037_20201023_02_T1,041/036|041/037,2,0.9999999999999992,False,True,bf22afd091ecb6af3e5c2d66da53d9751f21489f2a986671dd0e232e1291e77c
landsat-8_20210503T182750Z,landsat-8,2021-05-03,2021-05-03T18:27:50.902193+00:00,2021-05-03T18:28:14.793233+00:00,LC08_L2SP_041036_20210503_02_T1|LC08_L2SP_041037_20210503_02_T1,041/036|041/037,2,0.9999999999999992,False,True,400bb7e5eb299fa4087fba0d0141080672f0b33b67b0e1e6cf93dd31b973f655
landsat-8_20210519T182758Z,landsat-8,2021-05-19,2021-05-19T18:27:58.042992+00:00,2021-05-19T18:28:21.938267+00:00,LC08_L2SP_041036_20210519_02_T1|LC08_L2SP_041037_20210519_02_T1,041/036|041/037,2,0.9999999999999992,False,True,3601d27296e5b9b61dcee27531dc80ee104b1a08ca4704515a2f8221d8f13340
landsat-8_20210604T182806Z,landsat-8,2021-06-04,2021-06-04T18:28:06.332453+00:00,2021-06-04T18:28:30.219256+00:00,LC08_L2SP_041036_20210604_02_T1|LC08_L2SP_041037_20210604_02_T1,041/036|041/037,2,0.9999999999999992,False,True,7e3fe0b913ee45bd36a050b3b42bbe82e012c48182e68a10b9154492be3a063f
landsat-8_20210620T182811Z,landsat-8,2021-06-20,2021-06-20T18:28:11.769274+00:00,2021-06-20T18:28:35.664549+00:00,LC08_L2SP_041036_20210620_02_T1|LC08_L2SP_041037_20210620_02_T1,041/036|041/037,2,0.9999999999999992,False,True,4e5220ffca5403ce5ba0b51da304da06abde0e2e81b5deb9f0b1721e4202173a
landsat-8_20210706T182814Z,landsat-8,2021-07-06,2021-07-06T18:28:14.356954+00:00,2021-07-06T18:28:38.252231+00:00,LC08_L2SP_041036_20210706_02_T1|LC08_L2SP_041037_20210706_02_T1,041/036|041/037,2,0.9999999999999992,False,True,ce902780b7c8a34ece24a83b7fd21f141e336ac1b207964c82a6ca563080c084
landsat-8_20210722T182818Z,landsat-8,2021-07-22,2021-07-22T18:28:18.740626+00:00,2021-07-22T18:28:42.631665+00:00,LC08_L2SP_041036_20210722_02_T1|LC08_L2SP_041037_20210722_02_T1,041/036|041/037,2,0.9999999999999992,False,True,4e544641f905ffec1cf2bc29e8f47c93ecd5a0ad26f9e8ec3d9a4cc8dd279365
landsat-8_20210807T182826Z,landsat-8,2021-08-07,2021-08-07T18:28:26.218316+00:00,2021-08-07T18:28:50.109355+00:00,LC08_L2SP_041036_20210807_02_T1|LC08_L2SP_041037_20210807_02_T1,041/036|041/037,2,0.9999999999999992,False,True,d60b8ce6c85b5616f6a265e3fe0b8d265d856dc92f813ba450b2a81c19d0ad17
landsat-8_20210823T182831Z,landsat-8,2021-08-23,2021-08-23T18:28:31.095039+00:00,2021-08-23T18:28:54.981842+00:00,LC08_L2SP_041036_20210823_02_T1|LC08_L2SP_041037_20210823_02_T1,041/036|041/037,2,0.9999999999999992,False,True,1250c657bbf07beef640a685addd5223da8cf7dde3d36443e5d14b2bb6d0c34c
landsat-8_20210908T182835Z,landsat-8,2021-09-08,2021-09-08T18:28:35.876308+00:00,2021-09-08T18:28:59.771584+00:00,LC08_L2SP_041036_20210908_02_T1|LC08_L2SP_041037_20210908_02_T1,041/036|041/037,2,0.9999999999999992,False,True,e5aa6ec29843944b4a638b0f4f8e9cdf26c6d5e12ae4fc04aea5862672be8546
landsat-8_20210924T182838Z,landsat-8,2021-09-24,2021-09-24T18:28:38.752113+00:00,2021-09-24T18:29:02.643153+00:00,LC08_L2SP_041036_20210924_02_T1|LC08_L2SP_041037_20210924_02_T1,041/036|041/037,2,0.9999999999999992,False,True,2f0e0bf72d92250e4262e14faf25feb42090e260e587f72e0e116834096d5a9a
landsat-8_20211010T182844Z,landsat-8,2021-10-10,2021-10-10T18:28:44.589313+00:00,2021-10-10T18:29:08.480352+00:00,LC08_L2SP_041036_20211010_02_T1|LC08_L2SP_041037_20211010_02_T1,041/036|041/037,2,0.9999999999999992,False,True,68805b46bed5bc62fe0732c6ddf76e24bb10cda3e84fa579041274f0cdf2918b
landsat-8_20211026T182846Z,landsat-8,2021-10-26,2021-10-26T18:28:46.115286+00:00,2021-10-26T18:29:10.006326+00:00,LC08_L2SP_041036_20211026_02_T1|LC08_L2SP_041037_20211026_02_T1,041/036|041/037,2,0.9999999999999992,False,True,85027d70c9bc85fd81e92b3662be76bc3e0f36736b6dfe8b9d791731b239c988
landsat-8_20220506T182811Z,landsat-8,2022-05-06,2022-05-06T18:28:11.495371+00:00,2022-05-06T18:28:35.390646+00:00,LC08_L2SP_041036_20220506_02_T1|LC08_L2SP_041037_20220506_02_T1,041/036|041/037,2,0.9999999999999992,False,True,10878f4164efca336dec5d4b09a495aef2bb4c7cffa00ff04c66ed1b33004f6b
landsat-9_20220514T182755Z,landsat-9,2022-05-14,2022-05-14T18:27:55.971267+00:00,2022-05-14T18:28:19.853810+00:00,LC09_L2SP_041036_20220514_02_T1|LC09_L2SP_041037_20220514_02_T1,041/036|041/037,2,0.9999999999999992,False,True,be3bc64f28e5a5486ba439ca69e34e6bad19a6e44bb6a12f0725b96f2d697f71
landsat-8_20220522T182816Z,landsat-8,2022-05-22,2022-05-22T18:28:16.559245+00:00,2022-05-22T18:28:40.454522+00:00,LC08_L2SP_041036_20220522_02_T1|LC08_L2SP_041037_20220522_02_T1,041/036|041/037,2,0.9999999999999992,False,True,d6a5157906bbd68241467279add6aa28cf11886caf7c0c294d54226f2fb067b2
landsat-9_20220530T182751Z,landsat-9,2022-05-30,2022-05-30T18:27:51.299670+00:00,2022-05-30T18:28:15.190685+00:00,LC09_L2SP_041036_20220530_02_T1|LC09_L2SP_041037_20220530_02_T1,041/036|041/037,2,0.9999999999999992,False,True,07677f1b7c6d128b1a82aae16b7bdb0f36a242b878b496a23bac8b9a171b62c0
landsat-8_20220607T182825Z,landsat-8,2022-06-07,2022-06-07T18:28:25.371401+00:00,2022-06-07T18:28:49.262441+00:00,LC08_L2SP_041036_20220607_02_T1|LC08_L2SP_041037_20220607_02_T1,041/036|041/037,2,0.9999999999999992,False,True,42b343903393b17a7514d68872a8d2a5e21a89e441407317758e261cd5d256aa
landsat-9_20220615T182757Z,landsat-9,2022-06-15,2022-06-15T18:27:57.674714+00:00,2022-06-15T18:28:21.569965+00:00,LC09_L2SP_041036_20220615_02_T1|LC09_L2SP_041037_20220615_02_T1,041/036|041/037,2,0.9999999999999992,False,True,02a7a111bd3cfd6e9c06cde52f0411ffa27010cbc78564214e6f062e8ccea0f0
landsat-8_20220623T182833Z,landsat-8,2022-06-23,2022-06-23T18:28:33.693826+00:00,2022-06-23T18:28:57.584865+00:00,LC08_L2SP_041036_20220623_02_T1|LC08_L2SP_041037_20220623_02_T1,041/036|041/037,2,0.9999999999999992,False,True,1a61b9a3002cb6018477ca9af96568f770393780357f37f8955358cffbfe0dc5
landsat-9_20220701T182812Z,landsat-9,2022-07-01,2022-07-01T18:28:12.389676+00:00,2022-07-01T18:28:36.284927+00:00,LC09_L2SP_041036_20220701_02_T1|LC09_L2SP_041037_20220701_02_T1,041/036|041/037,2,0.9999999999999992,False,True,1b8a35cf4910416f5ceb5b36cb42f6e16e899a953496e0d2dcfec2fbcd508939
landsat-8_20220709T182834Z,landsat-8,2022-07-09,2022-07-09T18:28:34.288703+00:00,2022-07-09T18:28:58.179742+00:00,LC08_L2SP_041036_20220709_02_T1|LC08_L2SP_041037_20220709_02_T1,041/036|041/037,2,0.9999999999999992,False,True,0a502fec727e27c07e75be6a7ec781f4c8e5b46280007279da2e158164a54a0f
landsat-9_20220717T182811Z,landsat-9,2022-07-17,2022-07-17T18:28:11.125628+00:00,2022-07-17T18:28:35.020880+00:00,LC09_L2SP_041036_20220717_02_T1|LC09_L2SP_041037_20220717_02_T1,041/036|041/037,2,0.9999999999999992,False,True,3639995cf7f7b74925ad7e170a9f075f829ae7a9f81845f746b68982d01d2a24
landsat-8_20220725T182841Z,landsat-8,2022-07-25,2022-07-25T18:28:41.463271+00:00,2022-07-25T18:29:05.354311+00:00,LC08_L2SP_041036_20220725_02_T1|LC08_L2SP_041037_20220725_02_T1,041/036|041/037,2,0.9999999999999992,False,True,c33e761318621efe86c9c6b55e2cf0fb60cb413acabf1311579bd103db20f10e
landsat-9_20220802T182825Z,landsat-9,2022-08-02,2022-08-02T18:28:25.166481+00:00,2022-08-02T18:28:49.057496+00:00,LC09_L2SP_041036_20220802_02_T1|LC09_L2SP_041037_20220802_02_T1,041/036|041/037,2,0.9999999999999992,False,True,6a4cd54bc23dfa4d2e41a16e2758113c5f276e90b46bdd41e843b84a48e5f873
landsat-9_20220818T182832Z,landsat-9,2022-08-18,2022-08-18T18:28:32.946430+00:00,2022-08-18T18:28:56.837446+00:00,LC09_L2SP_041036_20220818_02_T1|LC09_L2SP_041037_20220818_02_T1,041/036|041/037,2,0.9999999999999992,False,True,8810b2127b7a51b8618cb30e52f94c1e72ed4bef9c1332ef36ba40eebfe1b1d9
landsat-8_20220826T182852Z,landsat-8,2022-08-26,2022-08-26T18:28:52.291083+00:00,2022-08-26T18:29:16.182122+00:00,LC08_L2SP_041036_20220826_02_T1|LC08_L2SP_041037_20220826_02_T1,041/036|041/037,2,0.9999999999999992,False,True,d8aa50b6177f5bd34fb5c0404e10ba855d142c178ff468b87008c0a74bdf015d
landsat-9_20220903T182833Z,landsat-9,2022-09-03,2022-09-03T18:28:33.961261+00:00,2022-09-03T18:28:57.852276+00:00,LC09_L2SP_041036_20220903_02_T1|LC09_L2SP_041037_20220903_02_T1,041/036|041/037,2,0.9999999999999992,False,True,c2b3da104a34bf9537bfe3c985c64473bb25aa7cd1b82a4e4053d6db4b093506
landsat-8_20220911T182856Z,landsat-8,2022-09-11,2022-09-11T18:28:56.728735+00:00,2022-09-11T18:28:56.728735+00:00,LC08_L2SP_041036_20220911_02_T1,041/036,1,0.9999999999999992,False,True,fd9f794b0b77b648a0ead08300c78c28a06a87a6169f7cb60a7e7232e20b1040
landsat-8_20220927T182858Z,landsat-8,2022-09-27,2022-09-27T18:28:58.876609+00:00,2022-09-27T18:29:22.763413+00:00,LC08_L2SP_041036_20220927_02_T1|LC08_L2SP_041037_20220927_02_T1,041/036|041/037,2,0.9999999999999992,False,True,c4503bd262751339b91c5dd1ea0682deeb1cf0226e242308658ef72d0b3896af
landsat-9_20221005T182840Z,landsat-9,2022-10-05,2022-10-05T18:28:40.785005+00:00,2022-10-05T18:29:04.676021+00:00,LC09_L2SP_041036_20221005_02_T1|LC09_L2SP_041037_20221005_02_T1,041/036|041/037,2,0.9999999999999992,False,True,c431ab2296b4a5a4228bd9341c175e5e639c3106d906f70124299aa4535d6297
landsat-8_20221013T182849Z,landsat-8,2022-10-13,2022-10-13T18:28:49.342350+00:00,2022-10-13T18:29:13.237626+00:00,LC08_L2SP_041036_20221013_02_T1|LC08_L2SP_041037_20221013_02_T1,041/036|041/037,2,0.9999999999999992,False,True,02b7ea854a68d29cacd505a345d17cf0895f03ea2fa5cd2147868db172b9a3dc
landsat-9_20221021T182847Z,landsat-9,2022-10-21,2022-10-21T18:28:47.496660+00:00,2022-10-21T18:29:11.387674+00:00,LC09_L2SP_041036_20221021_02_T1|LC09_L2SP_041037_20221021_02_T1,041/036|041/037,2,0.9999999999999992,False,True,5928faaa1e7f01822010e618dd30368802dc2d8d9d274980202faf4849a626e0
landsat-8_20221029T182858Z,landsat-8,2022-10-29,2022-10-29T18:28:58.502092+00:00,2022-10-29T18:29:22.388896+00:00,LC08_L2SP_041036_20221029_02_T1|LC08_L2SP_041037_20221029_02_T1,041/036|041/037,2,0.9999999999999992,False,True,bb6ec6bbbc659f69e497e41ddc48d5164094e6a74cf2d20cd38c27f915986f9b
landsat-9_20230501T182802Z,landsat-9,2023-05-01,2023-05-01T18:28:02.470969+00:00,2023-05-01T18:28:26.361984+00:00,LC09_L2SP_041036_20230501_02_T1|LC09_L2SP_041037_20230501_02_T1,041/036|041/037,2,0.9999999999999992,False,True,b11f1cf5f1fd52861674c43767ae13b58ceb02067bdd4619a109664f40d27cd8
landsat-8_20230509T182740Z,landsat-8,2023-05-09,2023-05-09T18:27:40.732393+00:00,2023-05-09T18:28:04.623433+00:00,LC08_L2SP_041036_20230509_02_T1|LC08_L2SP_041037_20230509_02_T1,041/036|041/037,2,0.9999999999999992,False,True,3df5cefb701cd02a7f3d616fae90a2d22e90ada07f27f96bf8581c71d11e4bc0
landsat-9_20230517T182755Z,landsat-9,2023-05-17,2023-05-17T18:27:55.151520+00:00,2023-05-17T18:28:19.038299+00:00,LC09_L2SP_041036_20230517_02_T1|LC09_L2SP_041037_20230517_02_T1,041/036|041/037,2,0.9999999999999992,False,True,1e5d66ce1009a04236e7ccef461b3c88f10a8de446fa792857eb78916fecd324
landsat-8_20230525T182738Z,landsat-8,2023-05-25,2023-05-25T18:27:38.506164+00:00,2023-05-25T18:27:38.506164+00:00,LC08_L2SP_041036_20230525_02_T1,041/036,1,0.9999999999999992,False,True,585b7c22565e47b7965a407ba46c1acd896e05ce818ab55d700dd5c053fc7c16
landsat-9_20230602T182747Z,landsat-9,2023-06-02,2023-06-02T18:27:47.984689+00:00,2023-06-02T18:28:11.871467+00:00,LC09_L2SP_041036_20230602_02_T1|LC09_L2SP_041037_20230602_02_T1,041/036|041/037,2,0.9999999999999992,False,True,55ef00129a73601efc44a48112e950d6cf4742427d3f0302979ce9f49bf1f682
landsat-8_20230610T182745Z,landsat-8,2023-06-10,2023-06-10T18:27:45.693751+00:00,2023-06-10T18:27:45.693751+00:00,LC08_L2SP_041036_20230610_02_T1,041/036,1,0.9999999999999992,False,True,2f1db729578b6e38b1193fcfc3f0ef251cff25c628d0e971292e73e97333b24d
landsat-9_20230618T182739Z,landsat-9,2023-06-18,2023-06-18T18:27:39.520722+00:00,2023-06-18T18:28:03.411737+00:00,LC09_L2SP_041036_20230618_02_T1|LC09_L2SP_041037_20230618_02_T1,041/036|041/037,2,0.9999999999999992,False,True,420da42872b86facfe4f05e4cded3e0c14994dd871442d9b7ac1ae2985623a2a
landsat-8_20230626T182752Z,landsat-8,2023-06-26,2023-06-26T18:27:52.615415+00:00,2023-06-26T18:28:16.506457+00:00,LC08_L2SP_041036_20230626_02_T1|LC08_L2SP_041037_20230626_02_T1,041/036|041/037,2,0.9999999999999992,False,True,856a4d1677ebf977f939857fd4ede3552b67c9cbf47b1435453318c73a173118
landsat-9_20230704T182751Z,landsat-9,2023-07-04,2023-07-04T18:27:51.458373+00:00,2023-07-04T18:28:15.353624+00:00,LC09_L2SP_041036_20230704_02_T1|LC09_L2SP_041037_20230704_02_T1,041/036|041/037,2,0.9999999999999992,False,True,9fcbe6123be9aa9d62ef463e3af965ccc1fda46a207c4eb3815d882a0462545d
landsat-8_20230712T182802Z,landsat-8,2023-07-12,2023-07-12T18:28:02.179376+00:00,2023-07-12T18:28:26.070416+00:00,LC08_L2SP_041036_20230712_02_T1|LC08_L2SP_041037_20230712_02_T1,041/036|041/037,2,0.9999999999999992,False,True,5e8f1ea5cd423de2acc128714392c0c0d8e2138c7963d2cc74700e4501b255ed
landsat-9_20230720T182756Z,landsat-9,2023-07-20,2023-07-20T18:27:56.035239+00:00,2023-07-20T18:28:19.926255+00:00,LC09_L2SP_041036_20230720_02_T1|LC09_L2SP_041037_20230720_02_T1,041/036|041/037,2,0.9999999999999992,False,True,ae1cbc5ab5e20d676e13b0af65f7bf591c0405b57c7a3766431a468a9e14e9e7
landsat-8_20230728T182808Z,landsat-8,2023-07-28,2023-07-28T18:28:08.781500+00:00,2023-07-28T18:28:32.672539+00:00,LC08_L2SP_041036_20230728_02_T1|LC08_L2SP_041037_20230728_02_T1,041/036|041/037,2,0.9999999999999992,False,True,298b7fe2244fc530d803c762dd02627200e52e13beace21c14ce50ef855f62db
landsat-9_20230805T182805Z,landsat-9,2023-08-05,2023-08-05T18:28:05.064253+00:00,2023-08-05T18:28:28.955269+00:00,LC09_L2SP_041036_20230805_02_T1|LC09_L2SP_041037_20230805_02_T1,041/036|041/037,2,0.9999999999999992,False,True,d1f8d68654360cf8c4fab47a1c325a9dbe8f91b7e6711c5594729425a534acd0
landsat-8_20230813T182813Z,landsat-8,2023-08-13,2023-08-13T18:28:13.807650+00:00,2023-08-13T18:28:37.702926+00:00,LC08_L2SP_041036_20230813_02_T1|LC08_L2SP_041037_20230813_02_T1,041/036|041/037,2,0.9999999999999992,False,True,022128c0d92d0998bf8df7c679dc77b6b5404282fdf5319f969e430b12dfcaf9
landsat-9_20230821T182809Z,landsat-9,2023-08-21,2023-08-21T18:28:09.941269+00:00,2023-08-21T18:28:33.828048+00:00,LC09_L2SP_041036_20230821_02_T1|LC09_L2SP_041037_20230821_02_T1,041/036|041/037,2,0.9999999999999992,False,True,2f9809d9b509c4b477f55cf0dc7e3658e5902e5c17333175bc87a1e8aa300d84
landsat-8_20230829T182820Z,landsat-8,2023-08-29,2023-08-29T18:28:20.063961+00:00,2023-08-29T18:28:43.963473+00:00,LC08_L2SP_041036_20230829_02_T1|LC08_L2SP_041037_20230829_02_T1,041/036|041/037,2,0.9999999999999992,False,True,ed60b2fa175e5b1576d22bb4d68483c18dbb01a8f8a61fcee5ca400ad9dd1814
landsat-9_20230906T182820Z,landsat-9,2023-09-06,2023-09-06T18:28:20.553207+00:00,2023-09-06T18:28:44.448458+00:00,LC09_L2SP_041036_20230906_02_T1|LC09_L2SP_041037_20230906_02_T1,041/036|041/037,2,0.9999999999999992,False,True,7fa73a35c8fce3322c0ac91b5359dd3c8bc311f216b6548ad98829634ff59288
landsat-8_20230914T182823Z,landsat-8,2023-09-14,2023-09-14T18:28:23.314088+00:00,2023-09-14T18:28:47.209363+00:00,LC08_L2SP_041036_20230914_02_T1|LC08_L2SP_041037_20230914_02_T1,041/036|041/037,2,0.9999999999999992,False,True,2ef1146bf5dbdc1c06171f140a4e2e3d6b8439d5d6e6283f9697bd3466ad5cd6
landsat-9_20230922T182823Z,landsat-9,2023-09-22,2023-09-22T18:28:23.396346+00:00,2023-09-22T18:28:47.291597+00:00,LC09_L2SP_041036_20230922_02_T1|LC09_L2SP_041037_20230922_02_T1,041/036|041/037,2,0.9999999999999992,False,True,d9f8adc3a0b6f6537630d69055c4b3f28d6a3c82b361b38c84d7107fa915d254
landsat-8_20230930T182827Z,landsat-8,2023-09-30,2023-09-30T18:28:27.614059+00:00,2023-09-30T18:28:51.505100+00:00,LC08_L2SP_041036_20230930_02_T1|LC08_L2SP_041037_20230930_02_T1,041/036|041/037,2,0.9999999999999992,False,True,0e232f0ad5d02e031321703d007ed83ccf5269d6fe1020a302e3445dcfcce987
landsat-9_20231008T182828Z,landsat-9,2023-10-08,2023-10-08T18:28:28.010352+00:00,2023-10-08T18:28:51.909840+00:00,LC09_L2SP_041036_20231008_02_T1|LC09_L2SP_041037_20231008_02_T1,041/036|041/037,2,0.9999999999999992,False,True,5ccf2ae8105e0314b32960c7b2811815bd2d9f4090e83b11f04f3a72334aeb45
landsat-8_20231016T182829Z,landsat-8,2023-10-16,2023-10-16T18:28:29.507588+00:00,2023-10-16T18:28:53.398629+00:00,LC08_L2SP_041036_20231016_02_T1|LC08_L2SP_041037_20231016_02_T1,041/036|041/037,2,0.9999999999999992,False,True,95f58672d485b09514a757e41e55892a394d29f65ed3a8504f6e066861f4dc01
landsat-9_20231024T182834Z,landsat-9,2023-10-24,2023-10-24T18:28:34.082347+00:00,2023-10-24T18:28:57.977600+00:00,LC09_L2SP_041036_20231024_02_T1|LC09_L2SP_041037_20231024_02_T1,041/036|041/037,2,0.9999999999999992,False,True,6b87bf65b872c0504039b52898bdb4c843adaa2a7c664758403315d7491dcce2
landsat-9_20240503T182755Z,landsat-9,2024-05-03,2024-05-03T18:27:55.977047+00:00,2024-05-03T18:28:19.863826+00:00,LC09_L2SP_041036_20240503_02_T1|LC09_L2SP_041037_20240503_02_T1,041/036|041/037,2,0.9999999999999992,False,True,ce79dee75cb8c9923e7824424332cf268b946bb2555aae10a470f14c9e4754ad
landsat-8_20240511T182734Z,landsat-8,2024-05-11,2024-05-11T18:27:34.209963+00:00,2024-05-11T18:27:58.096766+00:00,LC08_L2SP_041036_20240511_02_T1|LC08_L2SP_041037_20240511_02_T1,041/036|041/037,2,0.9999999999999992,False,True,aa376ba89576665d206c9d43af54dcaf0d4b126a107b5d8461c0306b7066efb5
landsat-9_20240519T182748Z,landsat-9,2024-05-19,2024-05-19T18:27:48.218370+00:00,2024-05-19T18:28:12.105149+00:00,LC09_L2SP_041036_20240519_02_T1|LC09_L2SP_041037_20240519_02_T1,041/036|041/037,2,0.9999999999999992,False,True,3918ff8a2067eed73cac86bb7ec6041b72fcb291ec3aa436a95ee8f84ca556f9
landsat-8_20240527T182723Z,landsat-8,2024-05-27,2024-05-27T18:27:23.051180+00:00,2024-05-27T18:27:46.942220+00:00,LC08_L2SP_041036_20240527_02_T1|LC08_L2SP_041037_20240527_02_T1,041/036|041/037,2,0.9999999999999992,False,True,9186915b2cc00df888b9c3a70b0e2d69e152334ec6e6676f134851a2a80a85d6
landsat-9_20240604T182742Z,landsat-9,2024-06-04,2024-06-04T18:27:42.010605+00:00,2024-06-04T18:28:05.893150+00:00,LC09_L2SP_041036_20240604_02_T1|LC09_L2SP_041037_20240604_02_T1,041/036|041/037,2,0.9999999999999992,False,True,0c2954e58d724ccf162525c59bfbc517eea043e819a3d88c9a694e5b05834e3c
landsat-8_20240612T182724Z,landsat-8,2024-06-12,2024-06-12T18:27:24.143712+00:00,2024-06-12T18:27:48.043224+00:00,LC08_L2SP_041036_20240612_02_T1|LC08_L2SP_041037_20240612_02_T1,041/036|041/037,2,0.9999999999999992,False,True,e7a50bb77032bf30a19cd07cacfe8a60d69ca85306526384a5b4c18a0e931baa
landsat-9_20240620T182725Z,landsat-9,2024-06-20,2024-06-20T18:27:25.339487+00:00,2024-06-20T18:27:49.226266+00:00,LC09_L2SP_041036_20240620_02_T1|LC09_L2SP_041037_20240620_02_T1,041/036|041/037,2,0.9999999999999992,False,True,5f892ec845576f597a1d4c8f2d1ce9343d3257c09428578b78d495e71aa30932
landsat-8_20240628T182737Z,landsat-8,2024-06-28,2024-06-28T18:27:37.360839+00:00,2024-06-28T18:28:01.251879+00:00,LC08_L2SP_041036_20240628_02_T1|LC08_L2SP_041037_20240628_02_T1,041/036|041/037,2,0.9999999999999992,False,True,066111e529997b46d88ffcc981604b2d29e9cb3752080f59427d2ae0ee6b1273
landsat-9_20240706T182738Z,landsat-9,2024-07-06,2024-07-06T18:27:38.747817+00:00,2024-07-06T18:28:02.643068+00:00,LC09_L2SP_041036_20240706_02_T1|LC09_L2SP_041037_20240706_02_T1,041/036|041/037,2,0.9999999999999992,False,True,2c39b51f5dab297ff3911cf6ffd09557ada8e56aa8fe82c1980cbf40868cf79c
landsat-8_20240714T182748Z,landsat-8,2024-07-14,2024-07-14T18:27:48.154748+00:00,2024-07-14T18:28:12.045787+00:00,LC08_L2SP_041036_20240714_02_T1|LC08_L2SP_041037_20240714_02_T1,041/036|041/037,2,0.9999999999999992,False,True,1643d0f359d314beeaf05fd24b166a575bcad365f66240cbbca5f2c178e58bf6
landsat-9_20240722T182746Z,landsat-9,2024-07-22,2024-07-22T18:27:46.404260+00:00,2024-07-22T18:28:10.291039+00:00,LC09_L2SP_041036_20240722_02_T1|LC09_L2SP_041037_20240722_02_T1,041/036|041/037,2,0.9999999999999992,False,True,a397df5dbefda442624999bce676d18b7f5dfc8e6a15b84c287fcc5883bb905d
landsat-8_20240730T182757Z,landsat-8,2024-07-30,2024-07-30T18:27:57.112143+00:00,2024-07-30T18:28:20.994711+00:00,LC08_L2SP_041036_20240730_02_T1|LC08_L2SP_041037_20240730_02_T1,041/036|041/037,2,0.9999999999999992,False,True,9047c9f7b4b94b6c74491b29ea3e74d74fa9e73c4262bb6faf9573980bc74028
landsat-9_20240807T182750Z,landsat-9,2024-08-07,2024-08-07T18:27:50.486006+00:00,2024-08-07T18:28:14.377022+00:00,LC09_L2SP_041036_20240807_02_T1|LC09_L2SP_041037_20240807_02_T1,041/036|041/037,2,0.9999999999999992,False,True,bb7b7de1ccaa2fce166b8f279fe331e313bf723cb7ee7dbbbb9ac0ebc1426f73
landsat-8_20240815T182800Z,landsat-8,2024-08-15,2024-08-15T18:28:00.855584+00:00,2024-08-15T18:28:24.742388+00:00,LC08_L2SP_041036_20240815_02_T1|LC08_L2SP_041037_20240815_02_T1,041/036|041/037,2,0.9999999999999992,False,True,e18ec6b57445675a052fbb7b29d18d0d98a9102d39475952586b991bf509a3ef
landsat-9_20240823T182805Z,landsat-9,2024-08-23,2024-08-23T18:28:05.310504+00:00,2024-08-23T18:28:29.205755+00:00,LC09_L2SP_041036_20240823_02_T1|LC09_L2SP_041037_20240823_02_T1,041/036|041/037,2,0.9999999999999992,False,True,30d5bf093d067ab43c631cb02da4e69791fbb2be9e93baaaad81080d07be99b0
landsat-8_20240831T182809Z,landsat-8,2024-08-31,2024-08-31T18:28:09.107038+00:00,2024-08-31T18:28:32.998078+00:00,LC08_L2SP_041036_20240831_02_T1|LC08_L2SP_041037_20240831_02_T1,041/036|041/037,2,0.9999999999999992,False,True,48e9d506e3cb665bad603de5c70791d5b5b1f08c4ac413ba384038276b9b7c91
landsat-9_20240908T182805Z,landsat-9,2024-09-08,2024-09-08T18:28:05.690367+00:00,2024-09-08T18:28:29.581382+00:00,LC09_L2SP_041036_20240908_02_T1|LC09_L2SP_041037_20240908_02_T1,041/036|041/037,2,0.9999999999999992,False,True,4630481a3083be62125bb0e985efac30e35db3732d7fe860f8be4afc43ab14f3
landsat-8_20240916T182815Z,landsat-8,2024-09-16,2024-09-16T18:28:15.749411+00:00,2024-09-16T18:28:39.648924+00:00,LC08_L2SP_041036_20240916_02_T1|LC08_L2SP_041037_20240916_02_T1,041/036|041/037,2,0.9999999999999992,False,True,a693894df5ffd87d8213ea6cd8c6a89e0c18b8fb41106f57667dc74817d743a6
landsat-9_20240924T182807Z,landsat-9,2024-09-24,2024-09-24T18:28:07.112579+00:00,2024-09-24T18:28:31.003595+00:00,LC09_L2SP_041036_20240924_02_T1|LC09_L2SP_041037_20240924_02_T1,041/036|041/037,2,0.9999999999999992,False,True,643b7a4b8c9ecf67e33b772432b3e610a76f9b00eb2e6a1ed704a81cf8b9b2f2
landsat-8_20241002T182811Z,landsat-8,2024-10-02,2024-10-02T18:28:11.320537+00:00,2024-10-02T18:28:35.215814+00:00,LC08_L2SP_041036_20241002_02_T1|LC08_L2SP_041037_20241002_02_T1,041/036|041/037,2,0.9999999999999992,False,True,70bf9e2f8c0df28813813dd14370bb2fff1fbd26cee376e2c1c64293470a8043
landsat-9_20241010T182815Z,landsat-9,2024-10-10,2024-10-10T18:28:15.969522+00:00,2024-10-10T18:28:39.860538+00:00,LC09_L2SP_041036_20241010_02_T1|LC09_L2SP_041037_20241010_02_T1,041/036|041/037,2,0.9999999999999992,False,True,003981ee52e0d2bfac0e2e6c8167a13a02e8df3e5a9ef2236ed6356086424cf9
landsat-8_20241018T182824Z,landsat-8,2024-10-18,2024-10-18T18:28:24.649937+00:00,2024-10-18T18:28:48.549450+00:00,LC08_L2SP_041036_20241018_02_T1|LC08_L2SP_041037_20241018_02_T1,041/036|041/037,2,0.9999999999999992,False,True,9e2ef84d772bd3564836bbd64ee8116d5e758a8481c5fba0dc64e9eea539a313
landsat-9_20241026T182830Z,landsat-9,2024-10-26,2024-10-26T18:28:30.112540+00:00,2024-10-26T18:28:54.007792+00:00,LC09_L2SP_041036_20241026_02_T1|LC09_L2SP_041037_20241026_02_T1,041/036|041/037,2,0.9999999999999992,False,True,73e5d9b7ec28bf073c745ac952e8c3ee1f5acc6ad91930bcaa110469eecf1765
