physical_acquisition_id,platform,acquired_utc,acquisition_local_date,relative_orbit,normalized_datatake_id,processing_baseline,generation_time,union_city_coverage_fraction,item_count,item_ids,mgrs_tiles
sentinel-2a|2020-03-19T18:30:51.024000Z|R27|GS2A_20200319T183051_024763,sentinel-2a,2020-03-19T18:30:51.024000Z,2020-03-19,27,GS2A_20200319T183051_024763,02.12,2020-10-12T16:34:55.621000Z,0.9999999999999992,2,S2A_MSIL2A_20200319T183051_R027_T11SLT_20201012T163455|S2A_MSIL2A_20200319T183051_R027_T11SLU_20201012T163452,11SLT|11SLU
sentinel-2a|2020-03-29T18:29:41.024000Z|R27|GS2A_20200329T182941_024906,sentinel-2a,2020-03-29T18:29:41.024000Z,2020-03-29,27,GS2A_20200329T182941_024906,02.12,2020-10-20T18:34:07.711000Z,0.9999999999999992,2,S2A_MSIL2A_20200329T182941_R027_T11SLT_20201020T183407|S2A_MSIL2A_20200329T182941_R027_T11SLU_20201020T183343,11SLT|11SLU
sentinel-2a|2020-04-08T18:29:21.024000Z|R27|GS2A_20200408T182921_025049,sentinel-2a,2020-04-08T18:29:21.024000Z,2020-04-08,27,GS2A_20200408T182921_025049,02.12,2020-09-25T12:35:09.405000Z,0.9999999999999992,2,S2A_MSIL2A_20200408T182921_R027_T11SLT_20200925T123509|S2A_MSIL2A_20200408T182921_R027_T11SLU_20200925T123506,11SLT|11SLU
sentinel-2a|2020-04-18T18:29:21.024000Z|R27|GS2A_20200418T182921_025192,sentinel-2a,2020-04-18T18:29:21.024000Z,2020-04-18,27,GS2A_20200418T182921_025192,02.12,2020-09-24T00:55:36.891000Z,0.9999999999999992,2,S2A_MSIL2A_20200418T182921_R027_T11SLT_20200924T005530|S2A_MSIL2A_20200418T182921_R027_T11SLU_20200924T005536,11SLT|11SLU
sentinel-2a|2020-04-28T18:29:21.024000Z|R27|GS2A_20200428T182921_025335,sentinel-2a,2020-04-28T18:29:21.024000Z,2020-04-28,27,GS2A_20200428T182921_025335,02.12,2020-09-22T11:00:18.280000Z,0.9999999999999992,2,S2A_MSIL2A_20200428T182921_R027_T11SLT_20200922T110013|S2A_MSIL2A_20200428T182921_R027_T11SLU_20200922T110018,11SLT|11SLU
sentinel-2a|2020-05-08T18:29:21.024000Z|R27|GS2A_20200508T182921_025478,sentinel-2a,2020-05-08T18:29:21.024000Z,2020-05-08,27,GS2A_20200508T182921_025478,02.12,2020-09-21T00:38:16.263000Z,0.9999999999999992,2,S2A_MSIL2A_20200508T182921_R027_T11SLT_20200921T003806|S2A_MSIL2A_20200508T182921_R027_T11SLU_20200921T003816,11SLT|11SLU
sentinel-2a|2020-05-18T18:29:21.024000Z|R27|GS2A_20200518T182921_025621,sentinel-2a,2020-05-18T18:29:21.024000Z,2020-05-18,27,GS2A_20200518T182921_025621,02.12,2020-09-10T02:40:19.416000Z,0.9999999999999992,2,S2A_MSIL2A_20200518T182921_R027_T11SLT_20200910T024017|S2A_MSIL2A_20200518T182921_R027_T11SLU_20200910T024019,11SLT|11SLU
sentinel-2a|2020-05-28T18:29:21.024000Z|R27|GS2A_20200528T182921_025764,sentinel-2a,2020-05-28T18:29:21.024000Z,2020-05-28,27,GS2A_20200528T182921_025764,02.12,2020-09-11T06:46:59.687000Z,0.9999999999999992,2,S2A_MSIL2A_20200528T182921_R027_T11SLT_20200911T064658|S2A_MSIL2A_20200528T182921_R027_T11SLU_20200911T064659,11SLT|11SLU
sentinel-2a|2020-06-07T18:29:21.024000Z|R27|GS2A_20200607T182921_025907,sentinel-2a,2020-06-07T18:29:21.024000Z,2020-06-07,27,GS2A_20200607T182921_025907,02.12,2020-08-26T12:05:56.692000Z,0.9999999999999992,2,S2A_MSIL2A_20200607T182921_R027_T11SLT_20200826T120554|S2A_MSIL2A_20200607T182921_R027_T11SLU_20200826T120556,11SLT|11SLU
sentinel-2a|2020-06-17T18:29:21.024000Z|R27|GS2A_20200617T182921_026050,sentinel-2a,2020-06-17T18:29:21.024000Z,2020-06-17,27,GS2A_20200617T182921_026050,02.12,2020-08-23T02:15:09.522000Z,0.9999999999999992,2,S2A_MSIL2A_20200617T182921_R027_T11SLT_20200823T021508|S2A_MSIL2A_20200617T182921_R027_T11SLU_20200823T021509,11SLT|11SLU
sentinel-2a|2020-06-27T18:29:21.024000Z|R27|GS2A_20200627T182921_026193,sentinel-2a,2020-06-27T18:29:21.024000Z,2020-06-27,27,GS2A_20200627T182921_026193,02.12,2020-08-24T07:45:24.331000Z,0.9999999999999992,2,S2A_MSIL2A_20200627T182921_R027_T11SLT_20200824T074524|S2A_MSIL2A_20200627T182921_R027_T11SLU_20200824T074522,11SLT|11SLU
sentinel-2a|2020-07-07T18:29:21.024000Z|R27|GS2A_20200707T182921_026336,sentinel-2a,2020-07-07T18:29:21.024000Z,2020-07-07,27,GS2A_20200707T182921_026336,02.12,2020-09-12T08:28:53.770000Z,0.9999999999999992,2,S2A_MSIL2A_20200707T182921_R027_T11SLT_20200912T082850|S2A_MSIL2A_20200707T182921_R027_T11SLU_20200912T082853,11SLT|11SLU
sentinel-2a|2020-07-17T18:29:21.024000Z|R27|GS2A_20200717T182921_026479,sentinel-2a,2020-07-17T18:29:21.024000Z,2020-07-17,27,GS2A_20200717T182921_026479,02.12,2020-08-16T11:45:28.394000Z,0.9999999999999992,2,S2A_MSIL2A_20200717T182921_R027_T11SLT_20200816T114526|S2A_MSIL2A_20200717T182921_R027_T11SLU_20200816T114528,11SLT|11SLU
sentinel-2a|2020-07-27T18:29:21.024000Z|R27|GS2A_20200727T182921_026622,sentinel-2a,2020-07-27T18:29:21.024000Z,2020-07-27,27,GS2A_20200727T182921_026622,02.12,2020-09-08T08:01:32.699000Z,0.9999999999999992,2,S2A_MSIL2A_20200727T182921_R027_T11SLT_20200817T181338|S2A_MSIL2A_20200727T182921_R027_T11SLU_20200908T080132,11SLT|11SLU
sentinel-2a|2020-08-06T18:29:21.024000Z|R27|GS2A_20200806T182921_026765,sentinel-2a,2020-08-06T18:29:21.024000Z,2020-08-06,27,GS2A_20200806T182921_026765,02.12,2020-10-25T05:31:20.176000Z,0.9999999999999992,2,S2A_MSIL2A_20200806T182921_R027_T11SLT_20201025T053120|S2A_MSIL2A_20200806T182921_R027_T11SLU_20201025T053023,11SLT|11SLU
sentinel-2a|2020-08-16T18:29:21.024000Z|R27|GS2A_20200816T182921_026908,sentinel-2a,2020-08-16T18:29:21.024000Z,2020-08-16,27,GS2A_20200816T182921_026908,02.12,2020-08-18T13:02:08.258000Z,0.9999999999999992,2,S2A_MSIL2A_20200816T182921_R027_T11SLT_20200818T130203|S2A_MSIL2A_20200816T182921_R027_T11SLU_20200818T130208,11SLT|11SLU
sentinel-2a|2020-08-26T18:29:21.024000Z|R27|GS2A_20200826T182921_027051,sentinel-2a,2020-08-26T18:29:21.024000Z,2020-08-26,27,GS2A_20200826T182921_027051,02.12,2020-08-27T20:47:51.532000Z,0.9999999999999992,2,S2A_MSIL2A_20200826T182921_R027_T11SLT_20200827T204619|S2A_MSIL2A_20200826T182921_R027_T11SLU_20200827T204751,11SLT|11SLU
sentinel-2a|2020-09-05T18:29:21.024000Z|R27|GS2A_20200905T182921_027194,sentinel-2a,2020-09-05T18:29:21.024000Z,2020-09-05,27,GS2A_20200905T182921_027194,02.12,2020-09-08T02:58:47.967000Z,0.9999999999999992,2,S2A_MSIL2A_20200905T182921_R027_T11SLT_20200908T025815|S2A_MSIL2A_20200905T182921_R027_T11SLU_20200908T025847,11SLT|11SLU
sentinel-2a|2020-09-15T18:30:11.024000Z|R27|GS2A_20200915T183011_027337,sentinel-2a,2020-09-15T18:30:11.024000Z,2020-09-15,27,GS2A_20200915T183011_027337,02.12,2020-09-17T20:19:59.394000Z,0.9999999999999992,2,S2A_MSIL2A_20200915T183011_R027_T11SLT_20200917T201959|S2A_MSIL2A_20200915T183011_R027_T11SLU_20200917T194524,11SLT|11SLU
sentinel-2a|2020-09-25T18:31:21.024000Z|R27|GS2A_20200925T183121_027480,sentinel-2a,2020-09-25T18:31:21.024000Z,2020-09-25,27,GS2A_20200925T183121_027480,02.12,2020-09-26T21:49:11.328000Z,0.9999999999999992,2,S2A_MSIL2A_20200925T183121_R027_T11SLT_20200926T214907|S2A_MSIL2A_20200925T183121_R027_T11SLU_20200926T214911,11SLT|11SLU
sentinel-2a|2020-10-15T18:33:41.024000Z|R27|GS2A_20201015T183341_027766,sentinel-2a,2020-10-15T18:33:41.024000Z,2020-10-15,27,GS2A_20201015T183341_027766,02.12,2020-10-19T06:17:41.992000Z,0.9999999999999992,2,S2A_MSIL2A_20201015T183341_R027_T11SLT_20201019T061725|S2A_MSIL2A_20201015T183341_R027_T11SLU_20201019T061741,11SLT|11SLU
sentinel-2a|2021-03-04T18:32:41.024000Z|R27|GS2A_20210304T183241_029768,sentinel-2a,2021-03-04T18:32:41.024000Z,2021-03-04,27,GS2A_20210304T183241_029768,02.12,2021-03-05T06:13:55.636000Z,0.9999999999999992,2,S2A_MSIL2A_20210304T183241_R027_T11SLT_20210305T045505|S2A_MSIL2A_20210304T183241_R027_T11SLU_20210305T061355,11SLT|11SLU
sentinel-2a|2021-03-14T18:31:31.024000Z|R27|GS2A_20210314T183131_029911,sentinel-2a,2021-03-14T18:31:31.024000Z,2021-03-14,27,GS2A_20210314T183131_029911,02.12,2021-03-15T06:13:51.142000Z,0.9999999999999992,2,S2A_MSIL2A_20210314T183131_R027_T11SLT_20210315T061351|S2A_MSIL2A_20210314T183131_R027_T11SLU_20210315T053329,11SLT|11SLU
sentinel-2a|2021-03-24T18:30:21.024000Z|R27|GS2A_20210324T183021_030054,sentinel-2a,2021-03-24T18:30:21.024000Z,2021-03-24,27,GS2A_20210324T183021_030054,02.12,2021-03-25T04:09:58.499000Z,0.9999999999999992,2,S2A_MSIL2A_20210324T183021_R027_T11SLT_20210325T035150|S2A_MSIL2A_20210324T183021_R027_T11SLU_20210325T040958,11SLT|11SLU
sentinel-2a|2021-04-03T18:29:11.024000Z|R27|GS2A_20210403T182911_030197,sentinel-2a,2021-04-03T18:29:11.024000Z,2021-04-03,27,GS2A_20210403T182911_030197,02.12,2021-04-04T16:27:53.783000Z,0.9999999999999992,2,S2A_MSIL2A_20210403T182911_R027_T11SLT_20210404T162753|S2A_MSIL2A_20210403T182911_R027_T11SLU_20210404T160402,11SLT|11SLU
sentinel-2a|2021-04-13T18:29:11.024000Z|R27|GS2A_20210413T182911_030340,sentinel-2a,2021-04-13T18:29:11.024000Z,2021-04-13,27,GS2A_20210413T182911_030340,02.12,2021-04-14T15:16:21.232000Z,0.9999999999999992,2,S2A_MSIL2A_20210413T182911_R027_T11SLT_20210414T151621|S2A_MSIL2A_20210413T182911_R027_T11SLU_20210414T151259,11SLT|11SLU
sentinel-2a|2021-04-23T18:29:11.024000Z|R27|GS2A_20210423T182911_030483,sentinel-2a,2021-04-23T18:29:11.024000Z,2021-04-23,27,GS2A_20210423T182911_030483,02.12,2021-04-25T12:37:21.729000Z,0.9999999999999992,2,S2A_MSIL2A_20210423T182911_R027_T11SLT_20210425T123721|S2A_MSIL2A_20210423T182911_R027_T11SLU_20210425T123028,11SLT|11SLU
sentinel-2a|2021-05-03T18:29:21.024000Z|R27|GS2A_20210503T182921_030626,sentinel-2a,2021-05-03T18:29:21.024000Z,2021-05-03,27,GS2A_20210503T182921_030626,02.12,2021-06-11T00:10:01.764000Z,0.9999999999999992,2,S2A_MSIL2A_20210503T182921_R027_T11SLT_20210611T001001|S2A_MSIL2A_20210503T182921_R027_T11SLU_20210504T170422,11SLT|11SLU
sentinel-2a|2021-05-13T18:29:21.024000Z|R27|GS2A_20210513T182921_030769,sentinel-2a,2021-05-13T18:29:21.024000Z,2021-05-13,27,GS2A_20210513T182921_030769,02.12,2021-05-15T23:18:45.718000Z,0.9999999999999992,2,S2A_MSIL2A_20210513T182921_R027_T11SLT_20210515T231845|S2A_MSIL2A_20210513T182921_R027_T11SLU_20210515T223530,11SLT|11SLU
sentinel-2a|2021-05-23T18:29:21.024000Z|R27|GS2A_20210523T182921_030912,sentinel-2a,2021-05-23T18:29:21.024000Z,2021-05-23,27,GS2A_20210523T182921_030912,03.00,2021-06-06T08:29:51.569494Z,0.9999999999999992,2,S2A_MSIL2A_20210523T182921_R027_T11SLT_20210605T220201|S2A_MSIL2A_20210523T182921_R027_T11SLU_20210606T082951,11SLT|11SLU
sentinel-2a|2021-06-02T18:29:21.024000Z|R27|GS2A_20210602T182921_031055,sentinel-2a,2021-06-02T18:29:21.024000Z,2021-06-02,27,GS2A_20210602T182921_031055,02.12,2021-06-03T13:46:02.798000Z,0.9999999999999992,2,S2A_MSIL2A_20210602T182921_R027_T11SLT_20210603T134602|S2A_MSIL2A_20210602T182921_R027_T11SLU_20210603T132828,11SLT|11SLU
sentinel-2a|2021-06-12T18:29:21.024000Z|R27|GS2A_20210612T182921_031198,sentinel-2a,2021-06-12T18:29:21.024000Z,2021-06-12,27,GS2A_20210612T182921_031198,02.12,2021-06-14T19:59:02.628000Z,0.9999999999999992,2,S2A_MSIL2A_20210612T182921_R027_T11SLT_20210614T185217|S2A_MSIL2A_20210612T182921_R027_T11SLU_20210614T195902,11SLT|11SLU
sentinel-2a|2021-06-22T18:29:21.024000Z|R27|GS2A_20210622T182921_031341,sentinel-2a,2021-06-22T18:29:21.024000Z,2021-06-22,27,GS2A_20210622T182921_031341,03.00,2021-06-25T04:27:00.960794Z,0.9999999999999992,2,S2A_MSIL2A_20210622T182921_R027_T11SLT_20210625T042700|S2A_MSIL2A_20210622T182921_R027_T11SLU_20210625T035037,11SLT|11SLU
sentinel-2a|2021-07-02T18:29:21.024000Z|R27|GS2A_20210702T182921_031484,sentinel-2a,2021-07-02T18:29:21.024000Z,2021-07-02,27,GS2A_20210702T182921_031484,03.00,2021-07-03T10:25:38.278209Z,0.9999999999999992,2,S2A_MSIL2A_20210702T182921_R027_T11SLT_20210703T094324|S2A_MSIL2A_20210702T182921_R027_T11SLU_20210703T102538,11SLT|11SLU
sentinel-2a|2021-07-12T18:29:21.024000Z|R27|GS2A_20210712T182921_031627,sentinel-2a,2021-07-12T18:29:21.024000Z,2021-07-12,27,GS2A_20210712T182921_031627,03.00,2021-07-13T13:52:22.274861Z,0.9999999999999992,2,S2A_MSIL2A_20210712T182921_R027_T11SLT_20210713T133202|S2A_MSIL2A_20210712T182921_R027_T11SLU_20210713T135222,11SLT|11SLU
sentinel-2a|2021-07-22T18:29:21.024000Z|R27|GS2A_20210722T182921_031770,sentinel-2a,2021-07-22T18:29:21.024000Z,2021-07-22,27,GS2A_20210722T182921_031770,03.00,2021-07-23T07:12:01.915101Z,0.9999999999999992,2,S2A_MSIL2A_20210722T182921_R027_T11SLT_20210723T071201|S2A_MSIL2A_20210722T182921_R027_T11SLU_20210723T053210,11SLT|11SLU
sentinel-2a|2021-08-01T18:29:21.024000Z|R27|GS2A_20210801T182921_031913,sentinel-2a,2021-08-01T18:29:21.024000Z,2021-08-01,27,GS2A_20210801T182921_031913,03.00,2021-08-02T09:23:55.486631Z,0.9999999999999992,2,S2A_MSIL2A_20210801T182921_R027_T11SLT_20210802T085137|S2A_MSIL2A_20210801T182921_R027_T11SLU_20210802T092355,11SLT|11SLU
sentinel-2a|2021-08-11T18:29:21.024000Z|R27|GS2A_20210811T182921_032056,sentinel-2a,2021-08-11T18:29:21.024000Z,2021-08-11,27,GS2A_20210811T182921_032056,03.00,2021-08-12T06:58:09.271070Z,0.9999999999999992,2,S2A_MSIL2A_20210811T182921_R027_T11SLT_20210812T065809|S2A_MSIL2A_20210811T182921_R027_T11SLU_20210812T053941,11SLT|11SLU
sentinel-2a|2021-08-21T18:29:21.024000Z|R27|GS2A_20210821T182921_032199,sentinel-2a,2021-08-21T18:29:21.024000Z,2021-08-21,27,GS2A_20210821T182921_032199,03.00,2021-08-22T10:49:53.875916Z,0.9999999999999992,2,S2A_MSIL2A_20210821T182921_R027_T11SLT_20210822T104953|S2A_MSIL2A_20210821T182921_R027_T11SLU_20210822T101254,11SLT|11SLU
sentinel-2a|2021-08-31T18:29:21.024000Z|R27|GS2A_20210831T182921_032342,sentinel-2a,2021-08-31T18:29:21.024000Z,2021-08-31,27,GS2A_20210831T182921_032342,03.00,2021-09-01T08:15:45.470582Z,0.9999999999999992,2,S2A_MSIL2A_20210831T182921_R027_T11SLT_20210901T081545|S2A_MSIL2A_20210831T182921_R027_T11SLU_20210901T074322,11SLT|11SLU
sentinel-2a|2021-09-10T18:29:21.024000Z|R27|GS2A_20210910T182921_032485,sentinel-2a,2021-09-10T18:29:21.024000Z,2021-09-10,27,GS2A_20210910T182921_032485,03.00,2021-09-11T11:07:49.166130Z,0.9999999999999992,2,S2A_MSIL2A_20210910T182921_R027_T11SLT_20210911T103901|S2A_MSIL2A_20210910T182921_R027_T11SLU_20210911T110749,11SLT|11SLU
sentinel-2a|2021-09-20T18:30:41.024000Z|R27|GS2A_20210920T183041_032628,sentinel-2a,2021-09-20T18:30:41.024000Z,2021-09-20,27,GS2A_20210920T183041_032628,03.00,2021-09-21T11:48:19.259747Z,0.9999999999999992,2,S2A_MSIL2A_20210920T183041_R027_T11SLT_20210921T112300|S2A_MSIL2A_20210920T183041_R027_T11SLU_20210921T114819,11SLT|11SLU
sentinel-2a|2021-09-30T18:31:51.024000Z|R27|GS2A_20210930T183151_032771,sentinel-2a,2021-09-30T18:31:51.024000Z,2021-09-30,27,GS2A_20210930T183151_032771,03.00,2021-10-02T02:31:32.389099Z,0.9999999999999992,2,S2A_MSIL2A_20210930T183151_R027_T11SLT_20211002T021811|S2A_MSIL2A_20210930T183151_R027_T11SLU_20211002T023132,11SLT|11SLU
sentinel-2a|2021-10-10T18:33:11.024000Z|R27|GS2A_20211010T183311_032914,sentinel-2a,2021-10-10T18:33:11.024000Z,2021-10-10,27,GS2A_20211010T183311_032914,03.00,2021-10-11T05:27:35.221384Z,0.9999999999999992,2,S2A_MSIL2A_20211010T183311_R027_T11SLT_20211011T052735|S2A_MSIL2A_20211010T183311_R027_T11SLU_20211011T041515,11SLT|11SLU
sentinel-2a|2021-10-20T18:34:11.024000Z|R27|GS2A_20211020T183411_033057,sentinel-2a,2021-10-20T18:34:11.024000Z,2021-10-20,27,GS2A_20211020T183411_033057,03.00,2021-10-22T06:32:33.469492Z,0.9997203415832034,1,S2A_MSIL2A_20211020T183411_R027_T11SLT_20211022T063233,11SLT
sentinel-2a|2022-03-09T18:32:11.024000Z|R27|GS2A_20220309T183211_035059,sentinel-2a,2022-03-09T18:32:11.024000Z,2022-03-09,27,GS2A_20220309T183211_035059,04.00,2022-03-10T16:54:10.899222Z,0.9999999999999992,2,S2A_MSIL2A_20220309T183211_R027_T11SLT_20220310T141706|S2A_MSIL2A_20220309T183211_R027_T11SLU_20220310T165410,11SLT|11SLU
sentinel-2a|2022-03-19T18:31:01.024000Z|R27|GS2A_20220319T183101_035202,sentinel-2a,2022-03-19T18:31:01.024000Z,2022-03-19,27,GS2A_20220319T183101_035202,04.00,2022-03-20T04:37:01.507896Z,0.9999999999999992,2,S2A_MSIL2A_20220319T183101_R027_T11SLT_20220320T043701|S2A_MSIL2A_20220319T183101_R027_T11SLU_20220320T035653,11SLT|11SLU
sentinel-2a|2022-03-29T18:29:51.024000Z|R27|GS2A_20220329T182951_035345,sentinel-2a,2022-03-29T18:29:51.024000Z,2022-03-29,27,GS2A_20220329T182951_035345,05.10,2024-06-01T17:00:32Z,0.9999999999999992,2,S2A_MSIL2A_20220329T182951_R027_T11SLT_20240601T170032|S2A_MSIL2A_20220329T182951_R027_T11SLU_20240601T170032,11SLT|11SLU
sentinel-2a|2022-04-08T18:29:21.024000Z|R27|GS2A_20220408T182921_035488,sentinel-2a,2022-04-08T18:29:21.024000Z,2022-04-08,27,GS2A_20220408T182921_035488,05.10,2024-06-02T22:52:43Z,0.9999999999999992,2,S2A_MSIL2A_20220408T182921_R027_T11SLT_20240602T225243|S2A_MSIL2A_20220408T182921_R027_T11SLU_20240602T225243,11SLT|11SLU
sentinel-2a|2022-04-18T18:29:21.024000Z|R27|GS2A_20220418T182921_035631,sentinel-2a,2022-04-18T18:29:21.024000Z,2022-04-18,27,GS2A_20220418T182921_035631,05.10,2024-06-07T21:43:00Z,0.9999999999999992,2,S2A_MSIL2A_20220418T182921_R027_T11SLT_20240607T214300|S2A_MSIL2A_20220418T182921_R027_T11SLU_20240607T214300,11SLT|11SLU
sentinel-2a|2022-04-28T18:29:21.024000Z|R27|GS2A_20220428T182921_035774,sentinel-2a,2022-04-28T18:29:21.024000Z,2022-04-28,27,GS2A_20220428T182921_035774,04.00,2022-04-29T18:28:00.331482Z,0.9999999999999992,2,S2A_MSIL2A_20220428T182921_R027_T11SLT_20220429T182800|S2A_MSIL2A_20220428T182921_R027_T11SLU_20220429T173742,11SLT|11SLU
sentinel-2a|2022-05-08T18:29:21.024000Z|R27|GS2A_20220508T182921_035917,sentinel-2a,2022-05-08T18:29:21.024000Z,2022-05-08,27,GS2A_20220508T182921_035917,05.10,2024-06-19T02:19:45Z,0.9999999999999992,2,S2A_MSIL2A_20220508T182921_R027_T11SLT_20240619T021945|S2A_MSIL2A_20220508T182921_R027_T11SLU_20240619T021945,11SLT|11SLU
sentinel-2a|2022-05-18T18:29:21.024000Z|R27|GS2A_20220518T182921_036060,sentinel-2a,2022-05-18T18:29:21.024000Z,2022-05-18,27,GS2A_20220518T182921_036060,04.00,2022-05-20T14:45:04.671829Z,0.9999999999999992,2,S2A_MSIL2A_20220518T182921_R027_T11SLT_20220520T144504|S2A_MSIL2A_20220518T182921_R027_T11SLU_20220520T142627,11SLT|11SLU
sentinel-2a|2022-05-28T18:29:31.024000Z|R27|GS2A_20220528T182931_036203,sentinel-2a,2022-05-28T18:29:31.024000Z,2022-05-28,27,GS2A_20220528T182931_036203,05.10,2024-06-16T15:27:31Z,0.9999999999999992,2,S2A_MSIL2A_20220528T182931_R027_T11SLT_20240616T152731|S2A_MSIL2A_20220528T182931_R027_T11SLU_20240616T152731,11SLT|11SLU
sentinel-2a|2022-06-07T18:29:31.024000Z|R27|GS2A_20220607T182931_036346,sentinel-2a,2022-06-07T18:29:31.024000Z,2022-06-07,27,GS2A_20220607T182931_036346,04.00,2022-06-08T11:09:01.390371Z,0.9999999999999992,2,S2A_MSIL2A_20220607T182931_R027_T11SLT_20220608T110901|S2A_MSIL2A_20220607T182931_R027_T11SLU_20220608T100106,11SLT|11SLU
sentinel-2a|2022-06-17T18:29:31.024000Z|R27|GS2A_20220617T182931_036489,sentinel-2a,2022-06-17T18:29:31.024000Z,2022-06-17,27,GS2A_20220617T182931_036489,04.00,2022-06-19T23:48:48.816852Z,0.9999999999999992,2,S2A_MSIL2A_20220617T182931_R027_T11SLT_20220619T233756|S2A_MSIL2A_20220617T182931_R027_T11SLU_20220619T234848,11SLT|11SLU
sentinel-2a|2022-06-27T18:29:31.024000Z|R27|GS2A_20220627T182931_036632,sentinel-2a,2022-06-27T18:29:31.024000Z,2022-06-27,27,GS2A_20220627T182931_036632,04.00,2022-06-28T12:27:11.148697Z,0.9999999999999992,2,S2A_MSIL2A_20220627T182931_R027_T11SLT_20220628T122711|S2A_MSIL2A_20220627T182931_R027_T11SLU_20220628T113235,11SLT|11SLU
sentinel-2a|2022-07-07T18:29:31.024000Z|R27|GS2A_20220707T182931_036775,sentinel-2a,2022-07-07T18:29:31.024000Z,2022-07-07,27,GS2A_20220707T182931_036775,04.00,2022-07-08T15:20:21.277173Z,0.9999999999999992,2,S2A_MSIL2A_20220707T182931_R027_T11SLT_20220708T132515|S2A_MSIL2A_20220707T182931_R027_T11SLU_20220708T152021,11SLT|11SLU
sentinel-2a|2022-07-17T18:29:31.024000Z|R27|GS2A_20220717T182931_036918,sentinel-2a,2022-07-17T18:29:31.024000Z,2022-07-17,27,GS2A_20220717T182931_036918,04.00,2022-07-18T08:26:20.653698Z,0.9999999999999992,2,S2A_MSIL2A_20220717T182931_R027_T11SLT_20220718T082620|S2A_MSIL2A_20220717T182931_R027_T11SLU_20220718T075522,11SLT|11SLU
sentinel-2a|2022-07-27T18:29:31.024000Z|R27|GS2A_20220727T182931_037061,sentinel-2a,2022-07-27T18:29:31.024000Z,2022-07-27,27,GS2A_20220727T182931_037061,04.00,2022-07-29T08:04:12.682647Z,0.9999999999999992,2,S2A_MSIL2A_20220727T182931_R027_T11SLT_20220729T065006|S2A_MSIL2A_20220727T182931_R027_T11SLU_20220729T080412,11SLT|11SLU
sentinel-2a|2022-08-06T18:29:31.024000Z|R27|GS2A_20220806T182931_037204,sentinel-2a,2022-08-06T18:29:31.024000Z,2022-08-06,27,GS2A_20220806T182931_037204,04.00,2022-08-08T06:09:49.905101Z,0.9999999999999992,2,S2A_MSIL2A_20220806T182931_R027_T11SLT_20220808T060949|S2A_MSIL2A_20220806T182931_R027_T11SLU_20220808T053926,11SLT|11SLU
sentinel-2a|2022-08-16T18:29:31.024000Z|R27|GS2A_20220816T182931_037347,sentinel-2a,2022-08-16T18:29:31.024000Z,2022-08-16,27,GS2A_20220816T182931_037347,05.10,2024-07-18T16:10:28Z,0.9999999999999992,2,S2A_MSIL2A_20220816T182931_R027_T11SLT_20240718T161028|S2A_MSIL2A_20220816T182931_R027_T11SLU_20240718T161028,11SLT|11SLU
sentinel-2a|2022-08-26T18:29:31.024000Z|R27|GS2A_20220826T182931_037490,sentinel-2a,2022-08-26T18:29:31.024000Z,2022-08-26,27,GS2A_20220826T182931_037490,05.10,2024-07-18T14:20:36Z,0.9999999999999992,2,S2A_MSIL2A_20220826T182931_R027_T11SLT_20240718T142036|S2A_MSIL2A_20220826T182931_R027_T11SLU_20240718T142036,11SLT|11SLU
sentinel-2a|2022-09-05T18:29:31.024000Z|R27|GS2A_20220905T182931_037633,sentinel-2a,2022-09-05T18:29:31.024000Z,2022-09-05,27,GS2A_20220905T182931_037633,05.10,2024-07-27T04:50:55Z,0.9999999999999992,2,S2A_MSIL2A_20220905T182931_R027_T11SLT_20240727T045055|S2A_MSIL2A_20220905T182931_R027_T11SLU_20240727T045055,11SLT|11SLU
sentinel-2a|2022-09-15T18:30:11.024000Z|R27|GS2A_20220915T183011_037776,sentinel-2a,2022-09-15T18:30:11.024000Z,2022-09-15,27,GS2A_20220915T183011_037776,05.10,2024-07-31T06:43:03Z,0.9999999999999992,2,S2A_MSIL2A_20220915T183011_R027_T11SLT_20240731T064303|S2A_MSIL2A_20220915T183011_R027_T11SLU_20240731T064303,11SLT|11SLU
sentinel-2a|2022-09-25T18:31:21.024000Z|R27|GS2A_20220925T183121_037919,sentinel-2a,2022-09-25T18:31:21.024000Z,2022-09-25,27,GS2A_20220925T183121_037919,04.00,2022-09-26T13:03:20.558357Z,0.9999999999999992,2,S2A_MSIL2A_20220925T183121_R027_T11SLT_20220926T130320|S2A_MSIL2A_20220925T183121_R027_T11SLU_20220926T130308,11SLT|11SLU
sentinel-2a|2022-10-05T18:32:31.024000Z|R27|GS2A_20221005T183231_038062,sentinel-2a,2022-10-05T18:32:31.024000Z,2022-10-05,27,GS2A_20221005T183231_038062,05.10,2024-07-16T09:36:14Z,0.9999999999999992,2,S2A_MSIL2A_20221005T183231_R027_T11SLT_20240716T093614|S2A_MSIL2A_20221005T183231_R027_T11SLU_20240716T093614,11SLT|11SLU
sentinel-2a|2022-10-15T18:33:41.024000Z|R27|GS2A_20221015T183341_038205,sentinel-2a,2022-10-15T18:33:41.024000Z,2022-10-15,27,GS2A_20221015T183341_038205,05.10,2024-07-23T13:22:11Z,0.9999999999999992,2,S2A_MSIL2A_20221015T183341_R027_T11SLT_20240723T132211|S2A_MSIL2A_20221015T183341_R027_T11SLU_20240723T132211,11SLT|11SLU
sentinel-2a|2022-10-25T18:34:41.024000Z|R27|GS2A_20221025T183441_038348,sentinel-2a,2022-10-25T18:34:41.024000Z,2022-10-25,27,GS2A_20221025T183441_038348,05.10,2024-07-24T15:33:15Z,0.9999999999999992,2,S2A_MSIL2A_20221025T183441_R027_T11SLT_20240724T153315|S2A_MSIL2A_20221025T183441_R027_T11SLU_20240724T153315,11SLT|11SLU
sentinel-2a|2023-03-04T18:32:41.024000Z|R27|GS2A_20230304T183241_040207,sentinel-2a,2023-03-04T18:32:41.024000Z,2023-03-04,27,GS2A_20230304T183241_040207,05.10,2024-08-19T13:56:32Z,0.9999999999999992,2,S2A_MSIL2A_20230304T183241_R027_T11SLT_20240819T135632|S2A_MSIL2A_20230304T183241_R027_T11SLU_20240819T135632,11SLT|11SLU
sentinel-2a|2023-03-14T18:31:31.024000Z|R27|GS2A_20230314T183131_040350,sentinel-2a,2023-03-14T18:31:31.024000Z,2023-03-14,27,GS2A_20230314T183131_040350,05.10,2024-08-20T00:32:09Z,0.9999999999999992,2,S2A_MSIL2A_20230314T183131_R027_T11SLT_20240820T003209|S2A_MSIL2A_20230314T183131_R027_T11SLU_20240820T003209,11SLT|11SLU
sentinel-2a|2023-03-24T18:30:21.024000Z|R27|GS2A_20230324T183021_040493,sentinel-2a,2023-03-24T18:30:21.024000Z,2023-03-24,27,GS2A_20230324T183021_040493,05.10,2024-08-24T14:27:45Z,0.9999999999999992,2,S2A_MSIL2A_20230324T183021_R027_T11SLT_20240824T142745|S2A_MSIL2A_20230324T183021_R027_T11SLU_20240824T142745,11SLT|11SLU
sentinel-2a|2023-04-03T18:29:21.024000Z|R27|GS2A_20230403T182921_040636,sentinel-2a,2023-04-03T18:29:21.024000Z,2023-04-03,27,GS2A_20230403T182921_040636,05.10,2024-08-25T06:08:42Z,0.9999999999999992,2,S2A_MSIL2A_20230403T182921_R027_T11SLT_20240825T060842|S2A_MSIL2A_20230403T182921_R027_T11SLU_20240825T060842,11SLT|11SLU
sentinel-2a|2023-04-13T18:29:21.024000Z|R27|GS2A_20230413T182921_040779,sentinel-2a,2023-04-13T18:29:21.024000Z,2023-04-13,27,GS2A_20230413T182921_040779,05.09,2023-04-14T03:49:07.745173Z,0.9999999999999992,2,S2A_MSIL2A_20230413T182921_R027_T11SLT_20230414T034907|S2A_MSIL2A_20230413T182921_R027_T11SLU_20230414T034839,11SLT|11SLU
sentinel-2a|2023-04-23T18:29:21.024000Z|R27|GS2A_20230423T182921_040922,sentinel-2a,2023-04-23T18:29:21.024000Z,2023-04-23,27,GS2A_20230423T182921_040922,05.10,2024-08-31T08:16:46Z,0.9999999999999992,2,S2A_MSIL2A_20230423T182921_R027_T11SLT_20240831T081646|S2A_MSIL2A_20230423T182921_R027_T11SLU_20240831T081646,11SLT|11SLU
sentinel-2a|2023-05-03T18:29:21.024000Z|R27|GS2A_20230503T182921_041065,sentinel-2a,2023-05-03T18:29:21.024000Z,2023-05-03,27,GS2A_20230503T182921_041065,05.10,2024-09-06T10:07:36Z,0.9999999999999992,2,S2A_MSIL2A_20230503T182921_R027_T11SLT_20240906T100736|S2A_MSIL2A_20230503T182921_R027_T11SLU_20240906T100736,11SLT|11SLU
sentinel-2a|2023-05-23T18:29:21.024000Z|R27|GS2A_20230523T182921_041351,sentinel-2a,2023-05-23T18:29:21.024000Z,2023-05-23,27,GS2A_20230523T182921_041351,05.09,2023-05-24T06:35:17.201404Z,0.9999999999999992,2,S2A_MSIL2A_20230523T182921_R027_T11SLT_20230524T042351|S2A_MSIL2A_20230523T182921_R027_T11SLU_20230524T063517,11SLT|11SLU
sentinel-2a|2023-06-02T18:29:21.024000Z|R27|GS2A_20230602T182921_041494,sentinel-2a,2023-06-02T18:29:21.024000Z,2023-06-02,27,GS2A_20230602T182921_041494,05.10,2024-09-11T20:20:22Z,0.9999999999999992,2,S2A_MSIL2A_20230602T182921_R027_T11SLT_20240911T202022|S2A_MSIL2A_20230602T182921_R027_T11SLU_20240911T202022,11SLT|11SLU
sentinel-2a|2023-06-12T18:29:21.024000Z|R27|GS2A_20230612T182921_041637,sentinel-2a,2023-06-12T18:29:21.024000Z,2023-06-12,27,GS2A_20230612T182921_041637,05.10,2024-09-11T19:52:58Z,0.9999999999999992,2,S2A_MSIL2A_20230612T182921_R027_T11SLT_20240911T195258|S2A_MSIL2A_20230612T182921_R027_T11SLU_20240911T195258,11SLT|11SLU
sentinel-2a|2023-06-22T18:29:21.024000Z|R27|GS2A_20230622T182921_041780,sentinel-2a,2023-06-22T18:29:21.024000Z,2023-06-22,27,GS2A_20230622T182921_041780,05.09,2023-06-23T02:35:26.399963Z,0.9999999999999992,2,S2A_MSIL2A_20230622T182921_R027_T11SLT_20230623T023526|S2A_MSIL2A_20230622T182921_R027_T11SLU_20230623T023456,11SLT|11SLU
sentinel-2a|2023-07-02T18:29:21.024000Z|R27|GS2A_20230702T182921_041923,sentinel-2a,2023-07-02T18:29:21.024000Z,2023-07-02,27,GS2A_20230702T182921_041923,05.09,2023-07-03T04:32:30.410860Z,0.9999999999999992,2,S2A_MSIL2A_20230702T182921_R027_T11SLT_20230703T043042|S2A_MSIL2A_20230702T182921_R027_T11SLU_20230703T043230,11SLT|11SLU
sentinel-2a|2023-07-12T18:29:21.024000Z|R27|GS2A_20230712T182921_042066,sentinel-2a,2023-07-12T18:29:21.024000Z,2023-07-12,27,GS2A_20230712T182921_042066,05.10,2024-10-16T14:50:27Z,0.9999999999999992,2,S2A_MSIL2A_20230712T182921_R027_T11SLT_20241016T145027|S2A_MSIL2A_20230712T182921_R027_T11SLU_20241016T145027,11SLT|11SLU
sentinel-2a|2023-07-22T18:29:21.024000Z|R27|GS2A_20230722T182921_042209,sentinel-2a,2023-07-22T18:29:21.024000Z,2023-07-22,27,GS2A_20230722T182921_042209,05.10,2024-10-18T06:44:32Z,0.9999999999999992,2,S2A_MSIL2A_20230722T182921_R027_T11SLT_20241018T064432|S2A_MSIL2A_20230722T182921_R027_T11SLU_20241018T064432,11SLT|11SLU
sentinel-2a|2023-08-01T18:29:21.024000Z|R27|GS2A_20230801T182921_042352,sentinel-2a,2023-08-01T18:29:21.024000Z,2023-08-01,27,GS2A_20230801T182921_042352,05.10,2024-09-13T19:23:53Z,0.9999999999999992,2,S2A_MSIL2A_20230801T182921_R027_T11SLT_20240913T192353|S2A_MSIL2A_20230801T182921_R027_T11SLU_20240913T192353,11SLT|11SLU
sentinel-2a|2023-08-11T18:29:21.024000Z|R27|GS2A_20230811T182921_042495,sentinel-2a,2023-08-11T18:29:21.024000Z,2023-08-11,27,GS2A_20230811T182921_042495,05.10,2024-09-13T15:15:44Z,0.9999999999999992,2,S2A_MSIL2A_20230811T182921_R027_T11SLT_20240913T151544|S2A_MSIL2A_20230811T182921_R027_T11SLU_20240913T151544,11SLT|11SLU
sentinel-2a|2023-08-21T18:29:21.024000Z|R27|GS2A_20230821T182921_042638,sentinel-2a,2023-08-21T18:29:21.024000Z,2023-08-21,27,GS2A_20230821T182921_042638,05.09,2023-08-23T22:30:01.698136Z,0.9999999999999992,2,S2A_MSIL2A_20230821T182921_R027_T11SLT_20230823T223001|S2A_MSIL2A_20230821T182921_R027_T11SLU_20230823T203149,11SLT|11SLU
sentinel-2a|2023-08-31T18:29:21.024000Z|R27|GS2A_20230831T182921_042781,sentinel-2a,2023-08-31T18:29:21.024000Z,2023-08-31,27,GS2A_20230831T182921_042781,05.10,2024-10-19T19:51:42Z,0.9999999999999992,2,S2A_MSIL2A_20230831T182921_R027_T11SLT_20241019T195142|S2A_MSIL2A_20230831T182921_R027_T11SLU_20241019T195142,11SLT|11SLU
sentinel-2a|2023-09-10T18:29:31.024000Z|R27|GS2A_20230910T182931_042924,sentinel-2a,2023-09-10T18:29:31.024000Z,2023-09-10,27,GS2A_20230910T182931_042924,05.10,2024-10-24T17:48:18Z,0.9999999999999992,2,S2A_MSIL2A_20230910T182931_R027_T11SLT_20241024T174818|S2A_MSIL2A_20230910T182931_R027_T11SLU_20241024T174818,11SLT|11SLU
sentinel-2a|2023-09-20T18:30:41.024000Z|R27|GS2A_20230920T183041_043067,sentinel-2a,2023-09-20T18:30:41.024000Z,2023-09-20,27,GS2A_20230920T183041_043067,05.10,2024-10-31T18:00:36Z,0.9999999999999992,2,S2A_MSIL2A_20230920T183041_R027_T11SLT_20241031T180036|S2A_MSIL2A_20230920T183041_R027_T11SLU_20241031T180036,11SLT|11SLU
sentinel-2a|2023-09-30T18:31:51.024000Z|R27|GS2A_20230930T183151_043210,sentinel-2a,2023-09-30T18:31:51.024000Z,2023-09-30,27,GS2A_20230930T183151_043210,05.09,2023-10-01T01:33:58.641420Z,0.9999999999999992,2,S2A_MSIL2A_20230930T183151_R027_T11SLT_20231001T013358|S2A_MSIL2A_20230930T183151_R027_T11SLU_20231001T013355,11SLT|11SLU
sentinel-2a|2023-10-10T18:33:01.024000Z|R27|GS2A_20231010T183301_043353,sentinel-2a,2023-10-10T18:33:01.024000Z,2023-10-10,27,GS2A_20231010T183301_043353,05.10,2024-11-05T20:38:03Z,0.9999999999999992,2,S2A_MSIL2A_20231010T183301_R027_T11SLT_20241105T203803|S2A_MSIL2A_20231010T183301_R027_T11SLU_20241105T203803,11SLT|11SLU
sentinel-2a|2023-10-20T18:34:11.024000Z|R27|GS2A_20231020T183411_043496,sentinel-2a,2023-10-20T18:34:11.024000Z,2023-10-20,27,GS2A_20231020T183411_043496,05.10,2024-09-09T15:59:17Z,0.9999999999999992,2,S2A_MSIL2A_20231020T183411_R027_T11SLT_20240909T155917|S2A_MSIL2A_20231020T183411_R027_T11SLU_20240909T155917,11SLT|11SLU
sentinel-2a|2024-03-08T18:32:11.024000Z|R27|GS2A_20240308T183211_045498,sentinel-2a,2024-03-08T18:32:11.024000Z,2024-03-08,27,GS2A_20240308T183211_045498,05.10,2024-03-09T00:33:56.799396Z,0.9999999999999992,2,S2A_MSIL2A_20240308T183211_R027_T11SLT_20240309T002657|S2A_MSIL2A_20240308T183211_R027_T11SLU_20240309T003356,11SLT|11SLU
sentinel-2a|2024-03-18T18:31:01.024000Z|R27|GS2A_20240318T183101_045641,sentinel-2a,2024-03-18T18:31:01.024000Z,2024-03-18,27,GS2A_20240318T183101_045641,05.10,2024-03-19T01:22:45.202088Z,0.9999999999999992,2,S2A_MSIL2A_20240318T183101_R027_T11SLT_20240319T012132|S2A_MSIL2A_20240318T183101_R027_T11SLU_20240319T012245,11SLT|11SLU
sentinel-2a|2024-03-28T18:29:51.024000Z|R27|GS2A_20240328T182951_045784,sentinel-2a,2024-03-28T18:29:51.024000Z,2024-03-28,27,GS2A_20240328T182951_045784,05.10,2024-03-30T06:41:34.917635Z,0.9999999999999992,2,S2A_MSIL2A_20240328T182951_R027_T11SLT_20240330T064134|S2A_MSIL2A_20240328T182951_R027_T11SLU_20240330T063929,11SLT|11SLU
sentinel-2a|2024-04-07T18:29:21.024000Z|R27|GS2A_20240407T182921_045927,sentinel-2a,2024-04-07T18:29:21.024000Z,2024-04-07,27,GS2A_20240407T182921_045927,05.10,2024-04-08T00:21:18.643307Z,0.9999999999999992,2,S2A_MSIL2A_20240407T182921_R027_T11SLT_20240408T002118|S2A_MSIL2A_20240407T182921_R027_T11SLU_20240408T001628,11SLT|11SLU
sentinel-2a|2024-04-17T18:29:21.024000Z|R27|GS2A_20240417T182921_046070,sentinel-2a,2024-04-17T18:29:21.024000Z,2024-04-17,27,GS2A_20240417T182921_046070,05.10,2024-04-18T02:07:16.297523Z,0.9999999999999992,2,S2A_MSIL2A_20240417T182921_R027_T11SLT_20240418T020716|S2A_MSIL2A_20240417T182921_R027_T11SLU_20240418T020623,11SLT|11SLU
sentinel-2a|2024-04-27T18:29:21.024000Z|R27|GS2A_20240427T182921_046213,sentinel-2a,2024-04-27T18:29:21.024000Z,2024-04-27,27,GS2A_20240427T182921_046213,05.10,2024-04-28T01:42:13.771393Z,0.9999999999999992,2,S2A_MSIL2A_20240427T182921_R027_T11SLT_20240428T014213|S2A_MSIL2A_20240427T182921_R027_T11SLU_20240428T014133,11SLT|11SLU
sentinel-2a|2024-05-07T18:29:21.024000Z|R27|GS2A_20240507T182921_046356,sentinel-2a,2024-05-07T18:29:21.024000Z,2024-05-07,27,GS2A_20240507T182921_046356,05.10,2024-05-08T01:51:52.489982Z,0.9999999999999992,2,S2A_MSIL2A_20240507T182921_R027_T11SLT_20240508T015152|S2A_MSIL2A_20240507T182921_R027_T11SLU_20240508T014907,11SLT|11SLU
sentinel-2a|2024-05-17T18:29:21.024000Z|R27|GS2A_20240517T182921_046499,sentinel-2a,2024-05-17T18:29:21.024000Z,2024-05-17,27,GS2A_20240517T182921_046499,05.10,2024-05-18T03:18:19.793200Z,0.9999999999999992,2,S2A_MSIL2A_20240517T182921_R027_T11SLT_20240518T031813|S2A_MSIL2A_20240517T182921_R027_T11SLU_20240518T031819,11SLT|11SLU
sentinel-2a|2024-05-27T18:29:21.024000Z|R27|GS2A_20240527T182921_046642,sentinel-2a,2024-05-27T18:29:21.024000Z,2024-05-27,27,GS2A_20240527T182921_046642,05.10,2024-05-28T06:25:43.820540Z,0.9999999999999992,2,S2A_MSIL2A_20240527T182921_R027_T11SLT_20240528T062541|S2A_MSIL2A_20240527T182921_R027_T11SLU_20240528T062543,11SLT|11SLU
sentinel-2a|2024-06-06T18:29:21.024000Z|R27|GS2A_20240606T182921_046785,sentinel-2a,2024-06-06T18:29:21.024000Z,2024-06-06,27,GS2A_20240606T182921_046785,05.10,2024-06-07T02:23:05.954288Z,0.9999999999999992,2,S2A_MSIL2A_20240606T182921_R027_T11SLT_20240607T022258|S2A_MSIL2A_20240606T182921_R027_T11SLU_20240607T022305,11SLT|11SLU
sentinel-2a|2024-06-16T18:29:21.024000Z|R27|GS2A_20240616T182921_046928,sentinel-2a,2024-06-16T18:29:21.024000Z,2024-06-16,27,GS2A_20240616T182921_046928,05.10,2024-06-17T02:31:15.979400Z,0.9999999999999992,2,S2A_MSIL2A_20240616T182921_R027_T11SLT_20240617T023115|S2A_MSIL2A_20240616T182921_R027_T11SLU_20240617T022440,11SLT|11SLU
sentinel-2a|2024-06-26T18:29:21.024000Z|R27|GS2A_20240626T182921_047071,sentinel-2a,2024-06-26T18:29:21.024000Z,2024-06-26,27,GS2A_20240626T182921_047071,05.10,2024-06-27T02:28:55.683984Z,0.9999999999999992,2,S2A_MSIL2A_20240626T182921_R027_T11SLT_20240627T022504|S2A_MSIL2A_20240626T182921_R027_T11SLU_20240627T022855,11SLT|11SLU
sentinel-2a|2024-07-06T18:29:21.024000Z|R27|GS2A_20240706T182921_047214,sentinel-2a,2024-07-06T18:29:21.024000Z,2024-07-06,27,GS2A_20240706T182921_047214,05.10,2024-07-07T02:36:21.764570Z,0.9999999999999992,2,S2A_MSIL2A_20240706T182921_R027_T11SLT_20240707T022948|S2A_MSIL2A_20240706T182921_R027_T11SLU_20240707T023621,11SLT|11SLU
sentinel-2a|2024-07-16T18:29:21.024000Z|R27|GS2A_20240716T182921_047357,sentinel-2a,2024-07-16T18:29:21.024000Z,2024-07-16,27,GS2A_20240716T182921_047357,05.10,2024-07-17T02:01:18.567710Z,0.9999999999999992,2,S2A_MSIL2A_20240716T182921_R027_T11SLT_20240717T015941|S2A_MSIL2A_20240716T182921_R027_T11SLU_20240717T020118,11SLT|11SLU
sentinel-2a|2024-07-26T18:29:21.024000Z|R27|GS2A_20240726T182921_047500,sentinel-2a,2024-07-26T18:29:21.024000Z,2024-07-26,27,GS2A_20240726T182921_047500,05.11,2024-07-27T02:16:49Z,0.9999999999999992,2,S2A_MSIL2A_20240726T182921_R027_T11SLT_20240727T021649|S2A_MSIL2A_20240726T182921_R027_T11SLU_20240727T021649,11SLT|11SLU
sentinel-2a|2024-08-05T18:41:01.024000Z|R27|GS2A_20240805T184101_047643,sentinel-2a,2024-08-05T18:41:01.024000Z,2024-08-05,27,GS2A_20240805T184101_047643,05.11,2024-08-06T01:20:51Z,0.9999999999999992,2,S2A_MSIL2A_20240805T184101_R027_T11SLT_20240806T012051|S2A_MSIL2A_20240805T184101_R027_T11SLU_20240806T012051,11SLT|11SLU
sentinel-2a|2024-08-15T18:29:21.024000Z|R27|GS2A_20240815T182921_047786,sentinel-2a,2024-08-15T18:29:21.024000Z,2024-08-15,27,GS2A_20240815T182921_047786,05.11,2024-08-16T00:52:00Z,0.9999999999999992,2,S2A_MSIL2A_20240815T182921_R027_T11SLT_20240816T005200|S2A_MSIL2A_20240815T182921_R027_T11SLU_20240816T005200,11SLT|11SLU
sentinel-2a|2024-08-25T18:29:21.024000Z|R27|GS2A_20240825T182921_047929,sentinel-2a,2024-08-25T18:29:21.024000Z,2024-08-25,27,GS2A_20240825T182921_047929,05.11,2024-08-26T01:53:59Z,0.9999999999999992,2,S2A_MSIL2A_20240825T182921_R027_T11SLT_20240826T015359|S2A_MSIL2A_20240825T182921_R027_T11SLU_20240826T015359,11SLT|11SLU
sentinel-2a|2024-09-04T18:41:01.024000Z|R27|GS2A_20240904T184101_048072,sentinel-2a,2024-09-04T18:41:01.024000Z,2024-09-04,27,GS2A_20240904T184101_048072,05.11,2024-09-05T01:30:57Z,0.9999999999999992,2,S2A_MSIL2A_20240904T184101_R027_T11SLT_20240905T013057|S2A_MSIL2A_20240904T184101_R027_T11SLU_20240905T013057,11SLT|11SLU
sentinel-2a|2024-09-24T18:31:11.024000Z|R27|GS2A_20240924T183111_048358,sentinel-2a,2024-09-24T18:31:11.024000Z,2024-09-24,27,GS2A_20240924T183111_048358,05.11,2024-09-25T00:33:52Z,0.9999999999999992,2,S2A_MSIL2A_20240924T183111_R027_T11SLT_20240925T003352|S2A_MSIL2A_20240924T183111_R027_T11SLU_20240925T003352,11SLT|11SLU
sentinel-2a|2024-10-04T18:32:21.024000Z|R27|GS2A_20241004T183221_048501,sentinel-2a,2024-10-04T18:32:21.024000Z,2024-10-04,27,GS2A_20241004T183221_048501,05.11,2024-10-04T23:14:46Z,0.9999999999999992,2,S2A_MSIL2A_20241004T183221_R027_T11SLT_20241004T231446|S2A_MSIL2A_20241004T183221_R027_T11SLU_20241004T231446,11SLT|11SLU
sentinel-2a|2024-10-14T18:33:31.024000Z|R27|GS2A_20241014T183331_048644,sentinel-2a,2024-10-14T18:33:31.024000Z,2024-10-14,27,GS2A_20241014T183331_048644,05.11,2024-10-14T22:24:03Z,0.9999999999999992,2,S2A_MSIL2A_20241014T183331_R027_T11SLT_20241014T222403|S2A_MSIL2A_20241014T183331_R027_T11SLU_20241014T222403,11SLT|11SLU
sentinel-2a|2024-10-24T18:34:41.024000Z|R27|GS2A_20241024T183441_048787,sentinel-2a,2024-10-24T18:34:41.024000Z,2024-10-24,27,GS2A_20241024T183441_048787,05.11,2024-10-24T22:07:04Z,0.9999999999999992,2,S2A_MSIL2A_20241024T183441_R027_T11SLT_20241024T220704|S2A_MSIL2A_20241024T183441_R027_T11SLU_20241024T220704,11SLT|11SLU
sentinel-2b|2020-03-24T18:29:19.024000Z|R27|GS2B_20200324T182919_015926,sentinel-2b,2020-03-24T18:29:19.024000Z,2020-03-24,27,GS2B_20200324T182919_015926,02.12,2020-10-18T18:09:40.862000Z,0.9999999999999992,2,S2B_MSIL2A_20200324T182919_R027_T11SLT_20201018T180940|S2B_MSIL2A_20200324T182919_R027_T11SLU_20201018T180936,11SLT|11SLU
sentinel-2b|2020-04-03T18:29:19.024000Z|R27|GS2B_20200403T182919_016069,sentinel-2b,2020-04-03T18:29:19.024000Z,2020-04-03,27,GS2B_20200403T182919_016069,02.12,2020-09-24T21:57:16.155000Z,0.9999999999999992,2,S2B_MSIL2A_20200403T182919_R027_T11SLT_20200924T215714|S2B_MSIL2A_20200403T182919_R027_T11SLU_20200924T215716,11SLT|11SLU
sentinel-2b|2020-04-13T18:29:19.024000Z|R27|GS2B_20200413T182919_016212,sentinel-2b,2020-04-13T18:29:19.024000Z,2020-04-13,27,GS2B_20200413T182919_016212,02.12,2020-09-23T10:09:11.585000Z,0.9385040996431494,2,S2B_MSIL2A_20200413T182919_R027_T11SLT_20200923T100900|S2B_MSIL2A_20200413T182919_R027_T11SLU_20200923T100911,11SLT|11SLU
sentinel-2b|2020-04-23T18:29:09.024000Z|R27|GS2B_20200423T182909_016355,sentinel-2b,2020-04-23T18:29:09.024000Z,2020-04-23,27,GS2B_20200423T182909_016355,02.12,2020-09-21T20:32:09.633000Z,0.9999999999999992,2,S2B_MSIL2A_20200423T182909_R027_T11SLT_20200921T203207|S2B_MSIL2A_20200423T182909_R027_T11SLU_20200921T203209,11SLT|11SLU
sentinel-2b|2020-05-03T18:29:19.024000Z|R27|GS2B_20200503T182919_016498,sentinel-2b,2020-05-03T18:29:19.024000Z,2020-05-03,27,GS2B_20200503T182919_016498,02.12,2020-09-20T09:54:07.721000Z,0.9999999999999992,2,S2B_MSIL2A_20200503T182919_R027_T11SLT_20200920T095405|S2B_MSIL2A_20200503T182919_R027_T11SLU_20200920T095407,11SLT|11SLU
sentinel-2b|2020-05-13T18:29:19.024000Z|R27|GS2B_20200513T182919_016641,sentinel-2b,2020-05-13T18:29:19.024000Z,2020-05-13,27,GS2B_20200513T182919_016641,02.12,2020-09-18T02:41:26.908000Z,0.9999999999999992,2,S2B_MSIL2A_20200513T182919_R027_T11SLT_20200918T024118|S2B_MSIL2A_20200513T182919_R027_T11SLU_20200918T024126,11SLT|11SLU
sentinel-2b|2020-05-23T18:29:19.024000Z|R27|GS2B_20200523T182919_016784,sentinel-2b,2020-05-23T18:29:19.024000Z,2020-05-23,27,GS2B_20200523T182919_016784,02.12,2020-09-10T18:04:50.545000Z,0.9999999999999992,2,S2B_MSIL2A_20200523T182919_R027_T11SLT_20200910T180448|S2B_MSIL2A_20200523T182919_R027_T11SLU_20200910T180450,11SLT|11SLU
sentinel-2b|2020-06-02T18:29:19.024000Z|R27|GS2B_20200602T182919_016927,sentinel-2b,2020-06-02T18:29:19.024000Z,2020-06-02,27,GS2B_20200602T182919_016927,02.12,2020-08-25T22:28:35.691000Z,0.9999999999999992,2,S2B_MSIL2A_20200602T182919_R027_T11SLT_20200825T222832|S2B_MSIL2A_20200602T182919_R027_T11SLU_20200825T222835,11SLT|11SLU
sentinel-2b|2020-06-12T18:29:19.024000Z|R27|GS2B_20200612T182919_017070,sentinel-2b,2020-06-12T18:29:19.024000Z,2020-06-12,27,GS2B_20200612T182919_017070,02.12,2020-08-27T04:14:11.712000Z,0.9999999999999992,2,S2B_MSIL2A_20200612T182919_R027_T11SLT_20200827T041410|S2B_MSIL2A_20200612T182919_R027_T11SLU_20200827T041411,11SLT|11SLU
sentinel-2b|2020-06-22T18:29:19.024000Z|R27|GS2B_20200622T182919_017213,sentinel-2b,2020-06-22T18:29:19.024000Z,2020-06-22,27,GS2B_20200622T182919_017213,02.12,2020-08-23T18:08:30.281000Z,0.9999999999999992,2,S2B_MSIL2A_20200622T182919_R027_T11SLT_20200823T180828|S2B_MSIL2A_20200622T182919_R027_T11SLU_20200823T180830,11SLT|11SLU
sentinel-2b|2020-07-02T18:29:19.024000Z|R27|GS2B_20200702T182919_017356,sentinel-2b,2020-07-02T18:29:19.024000Z,2020-07-02,27,GS2B_20200702T182919_017356,02.12,2020-08-25T00:15:04.374000Z,0.9999999999999992,2,S2B_MSIL2A_20200702T182919_R027_T11SLT_20200825T001504|S2B_MSIL2A_20200702T182919_R027_T11SLU_20200825T001501,11SLT|11SLU
sentinel-2b|2020-07-12T18:29:19.024000Z|R27|GS2B_20200712T182919_017499,sentinel-2b,2020-07-12T18:29:19.024000Z,2020-07-12,27,GS2B_20200712T182919_017499,02.12,2020-09-12T23:51:48.535000Z,0.9999999999999992,2,S2B_MSIL2A_20200712T182919_R027_T11SLT_20200912T235147|S2B_MSIL2A_20200712T182919_R027_T11SLU_20200912T235148,11SLT|11SLU
sentinel-2b|2020-07-22T18:29:19.024000Z|R27|GS2B_20200722T182919_017642,sentinel-2b,2020-07-22T18:29:19.024000Z,2020-07-22,27,GS2B_20200722T182919_017642,02.12,2020-08-17T04:34:47.922000Z,0.9999999999999992,2,S2B_MSIL2A_20200722T182919_R027_T11SLT_20200817T043441|S2B_MSIL2A_20200722T182919_R027_T11SLU_20200817T043447,11SLT|11SLU
sentinel-2b|2020-08-01T18:29:19.024000Z|R27|GS2B_20200801T182919_017785,sentinel-2b,2020-08-01T18:29:19.024000Z,2020-08-01,27,GS2B_20200801T182919_017785,02.12,2020-09-08T08:01:35.489000Z,0.9999999999999992,2,S2B_MSIL2A_20200801T182919_R027_T11SLT_20200908T080125|S2B_MSIL2A_20200801T182919_R027_T11SLU_20200908T080135,11SLT|11SLU
sentinel-2b|2020-08-11T18:29:19.024000Z|R27|GS2B_20200811T182919_017928,sentinel-2b,2020-08-11T18:29:19.024000Z,2020-08-11,27,GS2B_20200811T182919_017928,02.12,2020-08-14T17:30:48.280000Z,0.9999999999999992,2,S2B_MSIL2A_20200811T182919_R027_T11SLT_20200814T173048|S2B_MSIL2A_20200811T182919_R027_T11SLU_20200814T173043,11SLT|11SLU
sentinel-2b|2020-08-21T18:29:19.024000Z|R27|GS2B_20200821T182919_018071,sentinel-2b,2020-08-21T18:29:19.024000Z,2020-08-21,27,GS2B_20200821T182919_018071,02.12,2020-09-08T08:01:25.721000Z,0.9999999999999992,2,S2B_MSIL2A_20200821T182919_R027_T11SLT_20200908T080125|S2B_MSIL2A_20200821T182919_R027_T11SLU_20200822T211826,11SLT|11SLU
sentinel-2b|2020-08-31T18:29:19.024000Z|R27|GS2B_20200831T182919_018214,sentinel-2b,2020-08-31T18:29:19.024000Z,2020-08-31,27,GS2B_20200831T182919_018214,02.12,2020-10-25T19:35:26.629000Z,0.9999999999999992,2,S2B_MSIL2A_20200831T182919_R027_T11SLT_20201025T193526|S2B_MSIL2A_20200831T182919_R027_T11SLU_20201025T193523,11SLT|11SLU
sentinel-2b|2020-09-10T18:29:29.024000Z|R27|GS2B_20200910T182929_018357,sentinel-2b,2020-09-10T18:29:29.024000Z,2020-09-10,27,GS2B_20200910T182929_018357,02.12,2020-09-12T01:52:59.354000Z,0.9999999999999992,2,S2B_MSIL2A_20200910T182929_R027_T11SLT_20200912T015259|S2B_MSIL2A_20200910T182929_R027_T11SLU_20200912T015241,11SLT|11SLU
sentinel-2b|2020-09-20T18:29:49.024000Z|R27|GS2B_20200920T182949_018500,sentinel-2b,2020-09-20T18:29:49.024000Z,2020-09-20,27,GS2B_20200920T182949_018500,02.12,2020-09-22T23:02:22.274000Z,0.9999999999999992,2,S2B_MSIL2A_20200920T182949_R027_T11SLT_20200922T230222|S2B_MSIL2A_20200920T182949_R027_T11SLU_20200922T225935,11SLT|11SLU
sentinel-2b|2020-09-30T18:31:09.024000Z|R27|GS2B_20200930T183109_018643,sentinel-2b,2020-09-30T18:31:09.024000Z,2020-09-30,27,GS2B_20200930T183109_018643,02.12,2020-10-02T00:36:41.243000Z,0.9999999999999992,2,S2B_MSIL2A_20200930T183109_R027_T11SLT_20201002T002845|S2B_MSIL2A_20200930T183109_R027_T11SLU_20201002T003641,11SLT|11SLU
sentinel-2b|2020-10-10T18:33:09.024000Z|R27|GS2B_20201010T183309_018786,sentinel-2b,2020-10-10T18:33:09.024000Z,2020-10-10,27,GS2B_20201010T183309_018786,02.12,2020-10-28T11:32:04.202000Z,0.9999999999999992,2,S2B_MSIL2A_20201010T183309_R027_T11SLT_20201028T113147|S2B_MSIL2A_20201010T183309_R027_T11SLU_20201028T113204,11SLT|11SLU
sentinel-2b|2020-10-20T18:34:19.024000Z|R27|GS2B_20201020T183419_018929,sentinel-2b,2020-10-20T18:34:19.024000Z,2020-10-20,27,GS2B_20201020T183419_018929,02.12,2020-10-21T16:05:21.804000Z,0.9999999999999992,2,S2B_MSIL2A_20201020T183419_R027_T11SLT_20201021T160521|S2B_MSIL2A_20201020T183419_R027_T11SLU_20201021T160451,11SLT|11SLU
sentinel-2b|2021-03-09T18:31:09.024000Z|R27|GS2B_20210309T183109_020931,sentinel-2b,2021-03-09T18:31:09.024000Z,2021-03-09,27,GS2B_20210309T183109_020931,02.12,2021-03-10T11:27:01.320000Z,0.9999999999999992,2,S2B_MSIL2A_20210309T183109_R027_T11SLT_20210310T112701|S2B_MSIL2A_20210309T183109_R027_T11SLU_20210310T105646,11SLT|11SLU
sentinel-2b|2021-03-19T18:29:59.024000Z|R27|GS2B_20210319T182959_021074,sentinel-2b,2021-03-19T18:29:59.024000Z,2021-03-19,27,GS2B_20210319T182959_021074,02.12,2021-03-22T14:35:38.706000Z,0.9999999999999992,2,S2B_MSIL2A_20210319T182959_R027_T11SLT_20210322T143110|S2B_MSIL2A_20210319T182959_R027_T11SLU_20210322T143538,11SLT|11SLU
sentinel-2b|2021-03-29T18:29:29.024000Z|R27|GS2B_20210329T182929_021217,sentinel-2b,2021-03-29T18:29:29.024000Z,2021-03-29,27,GS2B_20210329T182929_021217,02.12,2021-03-30T13:11:51.817000Z,0.9999999999999992,2,S2B_MSIL2A_20210329T182929_R027_T11SLT_20210330T131151|S2B_MSIL2A_20210329T182929_R027_T11SLU_20210330T121415,11SLT|11SLU
sentinel-2b|2021-04-08T18:29:19.024000Z|R27|GS2B_20210408T182919_021360,sentinel-2b,2021-04-08T18:29:19.024000Z,2021-04-08,27,GS2B_20210408T182919_021360,02.12,2021-04-10T15:31:03.842000Z,0.9999999999999992,2,S2B_MSIL2A_20210408T182919_R027_T11SLT_20210410T140502|S2B_MSIL2A_20210408T182919_R027_T11SLU_20210410T153103,11SLT|11SLU
sentinel-2b|2021-04-18T18:29:09.024000Z|R27|GS2B_20210418T182909_021503,sentinel-2b,2021-04-18T18:29:09.024000Z,2021-04-18,27,GS2B_20210418T182909_021503,02.12,2021-04-19T17:12:20.943000Z,0.9999999999999992,2,S2B_MSIL2A_20210418T182909_R027_T11SLT_20210419T171220|S2B_MSIL2A_20210418T182909_R027_T11SLU_20210419T170212,11SLT|11SLU
sentinel-2b|2021-04-28T18:29:09.024000Z|R27|GS2B_20210428T182909_021646,sentinel-2b,2021-04-28T18:29:09.024000Z,2021-04-28,27,GS2B_20210428T182909_021646,02.12,2021-04-29T13:07:27.917000Z,0.9999999999999992,2,S2B_MSIL2A_20210428T182909_R027_T11SLT_20210429T130727|S2B_MSIL2A_20210428T182909_R027_T11SLU_20210429T124844,11SLT|11SLU
sentinel-2b|2021-05-08T18:29:19.024000Z|R27|GS2B_20210508T182919_021789,sentinel-2b,2021-05-08T18:29:19.024000Z,2021-05-08,27,GS2B_20210508T182919_021789,02.12,2021-05-09T14:29:53.247000Z,0.9999999999999992,2,S2B_MSIL2A_20210508T182919_R027_T11SLT_20210509T142953|S2B_MSIL2A_20210508T182919_R027_T11SLU_20210509T140804,11SLT|11SLU
sentinel-2b|2021-05-18T18:29:19.024000Z|R27|GS2B_20210518T182919_021932,sentinel-2b,2021-05-18T18:29:19.024000Z,2021-05-18,27,GS2B_20210518T182919_021932,02.12,2021-05-21T07:15:31.676000Z,0.9999999999999992,2,S2B_MSIL2A_20210518T182919_R027_T11SLT_20210521T065228|S2B_MSIL2A_20210518T182919_R027_T11SLU_20210521T071531,11SLT|11SLU
sentinel-2b|2021-05-28T18:29:19.024000Z|R27|GS2B_20210528T182919_022075,sentinel-2b,2021-05-28T18:29:19.024000Z,2021-05-28,27,GS2B_20210528T182919_022075,02.12,2021-05-29T07:51:48.918000Z,0.9999999999999992,2,S2B_MSIL2A_20210528T182919_R027_T11SLT_20210529T072802|S2B_MSIL2A_20210528T182919_R027_T11SLU_20210529T075148,11SLT|11SLU
sentinel-2b|2021-06-07T18:29:19.024000Z|R27|GS2B_20210607T182919_022218,sentinel-2b,2021-06-07T18:29:19.024000Z,2021-06-07,27,GS2B_20210607T182919_022218,02.12,2021-06-10T08:50:37.537000Z,0.9999999999999992,2,S2B_MSIL2A_20210607T182919_R027_T11SLT_20210610T080752|S2B_MSIL2A_20210607T182919_R027_T11SLU_20210610T085037,11SLT|11SLU
sentinel-2b|2021-06-17T18:29:19.024000Z|R27|GS2B_20210617T182919_022361,sentinel-2b,2021-06-17T18:29:19.024000Z,2021-06-17,27,GS2B_20210617T182919_022361,02.12,2021-06-18T12:19:18.890000Z,0.9999999999999992,2,S2B_MSIL2A_20210617T182919_R027_T11SLT_20210618T113938|S2B_MSIL2A_20210617T182919_R027_T11SLU_20210618T121918,11SLT|11SLU
sentinel-2b|2021-06-27T18:29:19.024000Z|R27|GS2B_20210627T182919_022504,sentinel-2b,2021-06-27T18:29:19.024000Z,2021-06-27,27,GS2B_20210627T182919_022504,03.00,2021-06-28T23:51:17.873756Z,0.9999999999999992,2,S2B_MSIL2A_20210627T182919_R027_T11SLT_20210628T171855|S2B_MSIL2A_20210627T182919_R027_T11SLU_20210628T235117,11SLT|11SLU
sentinel-2b|2021-07-07T18:29:19.024000Z|R27|GS2B_20210707T182919_022647,sentinel-2b,2021-07-07T18:29:19.024000Z,2021-07-07,27,GS2B_20210707T182919_022647,03.00,2021-07-08T12:09:50.239241Z,0.9999999999999992,2,S2B_MSIL2A_20210707T182919_R027_T11SLT_20210708T115623|S2B_MSIL2A_20210707T182919_R027_T11SLU_20210708T120950,11SLT|11SLU
sentinel-2b|2021-07-17T18:29:19.024000Z|R27|GS2B_20210717T182919_022790,sentinel-2b,2021-07-17T18:29:19.024000Z,2021-07-17,27,GS2B_20210717T182919_022790,03.00,2021-07-18T03:23:45.678531Z,0.9999999999999992,2,S2B_MSIL2A_20210717T182919_R027_T11SLT_20210718T025338|S2B_MSIL2A_20210717T182919_R027_T11SLU_20210718T032345,11SLT|11SLU
sentinel-2b|2021-07-27T18:29:19.024000Z|R27|GS2B_20210727T182919_022933,sentinel-2b,2021-07-27T18:29:19.024000Z,2021-07-27,27,GS2B_20210727T182919_022933,03.00,2021-09-26T23:14:30.621619Z,0.9999999999999992,2,S2B_MSIL2A_20210727T182919_R027_T11SLT_20210728T050552|S2B_MSIL2A_20210727T182919_R027_T11SLU_20210926T231430,11SLT|11SLU
sentinel-2b|2021-08-06T18:29:19.024000Z|R27|GS2B_20210806T182919_023076,sentinel-2b,2021-08-06T18:29:19.024000Z,2021-08-06,27,GS2B_20210806T182919_023076,03.00,2021-08-07T04:31:28.559697Z,0.9999999999999992,2,S2B_MSIL2A_20210806T182919_R027_T11SLT_20210807T043128|S2B_MSIL2A_20210806T182919_R027_T11SLU_20210807T034742,11SLT|11SLU
sentinel-2b|2021-08-16T18:29:19.024000Z|R27|GS2B_20210816T182919_023219,sentinel-2b,2021-08-16T18:29:19.024000Z,2021-08-16,27,GS2B_20210816T182919_023219,03.00,2021-08-17T04:14:29.938479Z,0.9999999999999992,2,S2B_MSIL2A_20210816T182919_R027_T11SLT_20210817T041429|S2B_MSIL2A_20210816T182919_R027_T11SLU_20210817T024255,11SLT|11SLU
sentinel-2b|2021-08-26T18:29:19.024000Z|R27|GS2B_20210826T182919_023362,sentinel-2b,2021-08-26T18:29:19.024000Z,2021-08-26,27,GS2B_20210826T182919_023362,03.00,2021-08-27T09:25:25.428459Z,0.9999999999999992,2,S2B_MSIL2A_20210826T182919_R027_T11SLT_20210827T092525|S2B_MSIL2A_20210826T182919_R027_T11SLU_20210827T045057,11SLT|11SLU
sentinel-2b|2021-09-15T18:29:19.024000Z|R27|GS2B_20210915T182919_023648,sentinel-2b,2021-09-15T18:29:19.024000Z,2021-09-15,27,GS2B_20210915T182919_023648,03.00,2021-09-16T04:59:57.127994Z,0.9999999999999992,2,S2B_MSIL2A_20210915T182919_R027_T11SLT_20210916T045957|S2B_MSIL2A_20210915T182919_R027_T11SLU_20210916T042440,11SLT|11SLU
sentinel-2b|2021-09-25T18:30:19.024000Z|R27|GS2B_20210925T183019_023791,sentinel-2b,2021-09-25T18:30:19.024000Z,2021-09-25,27,GS2B_20210925T183019_023791,03.00,2021-09-26T19:45:24.287278Z,0.9999999999999992,2,S2B_MSIL2A_20210925T183019_R027_T11SLT_20210926T194524|S2B_MSIL2A_20210925T183019_R027_T11SLU_20210926T193153,11SLT|11SLU
sentinel-2b|2021-10-05T18:31:39.024000Z|R27|GS2B_20211005T183139_023934,sentinel-2b,2021-10-05T18:31:39.024000Z,2021-10-05,27,GS2B_20211005T183139_023934,03.00,2021-10-06T09:21:52.182195Z,0.9999999999999992,2,S2B_MSIL2A_20211005T183139_R027_T11SLT_20211006T041149|S2B_MSIL2A_20211005T183139_R027_T11SLU_20211006T092152,11SLT|11SLU
sentinel-2b|2021-10-15T18:33:39.024000Z|R27|GS2B_20211015T183339_024077,sentinel-2b,2021-10-15T18:33:39.024000Z,2021-10-15,27,GS2B_20211015T183339_024077,03.00,2021-10-16T04:50:49.113034Z,0.9997203415832034,1,S2B_MSIL2A_20211015T183339_R027_T11SLT_20211016T045049,11SLT
sentinel-2b|2021-10-25T18:34:39.024000Z|R27|GS2B_20211025T183439_024220,sentinel-2b,2021-10-25T18:34:39.024000Z,2021-10-25,27,GS2B_20211025T183439_024220,03.00,2021-10-26T08:40:13.763410Z,0.9997203415832034,1,S2B_MSIL2A_20211025T183439_R027_T11SLT_20211026T084013,11SLT
sentinel-2b|2022-03-14T18:30:39.024000Z|R27|GS2B_20220314T183039_026222,sentinel-2b,2022-03-14T18:30:39.024000Z,2022-03-14,27,GS2B_20220314T183039_026222,05.10,2024-05-27T19:42:07Z,0.9999999999999992,2,S2B_MSIL2A_20220314T183039_R027_T11SLT_20240527T194207|S2B_MSIL2A_20220314T183039_R027_T11SLU_20240527T194207,11SLT|11SLU
sentinel-2b|2022-03-24T18:29:19.024000Z|R27|GS2B_20220324T182919_026365,sentinel-2b,2022-03-24T18:29:19.024000Z,2022-03-24,27,GS2B_20220324T182919_026365,05.10,2024-05-22T07:10:23Z,0.9999999999999992,2,S2B_MSIL2A_20220324T182919_R027_T11SLT_20240522T071023|S2B_MSIL2A_20220324T182919_R027_T11SLU_20240522T071023,11SLT|11SLU
sentinel-2b|2022-04-03T18:29:19.024000Z|R27|GS2B_20220403T182919_026508,sentinel-2b,2022-04-03T18:29:19.024000Z,2022-04-03,27,GS2B_20220403T182919_026508,05.10,2024-06-04T03:51:07Z,0.9999999999999992,2,S2B_MSIL2A_20220403T182919_R027_T11SLT_20240604T035107|S2B_MSIL2A_20220403T182919_R027_T11SLU_20240604T035107,11SLT|11SLU
sentinel-2b|2022-04-13T18:29:19.024000Z|R27|GS2B_20220413T182919_026651,sentinel-2b,2022-04-13T18:29:19.024000Z,2022-04-13,27,GS2B_20220413T182919_026651,04.00,2022-04-14T13:04:38.352789Z,0.9999999999999992,2,S2B_MSIL2A_20220413T182919_R027_T11SLT_20220414T122703|S2B_MSIL2A_20220413T182919_R027_T11SLU_20220414T130438,11SLT|11SLU
sentinel-2b|2022-04-23T18:29:09.024000Z|R27|GS2B_20220423T182909_026794,sentinel-2b,2022-04-23T18:29:09.024000Z,2022-04-23,27,GS2B_20220423T182909_026794,04.00,2022-04-24T14:19:31.911444Z,0.9999999999999992,2,S2B_MSIL2A_20220423T182909_R027_T11SLT_20220424T133808|S2B_MSIL2A_20220423T182909_R027_T11SLU_20220424T141931,11SLT|11SLU
sentinel-2b|2022-05-03T18:29:09.024000Z|R27|GS2B_20220503T182909_026937,sentinel-2b,2022-05-03T18:29:09.024000Z,2022-05-03,27,GS2B_20220503T182909_026937,04.00,2022-05-04T13:21:51.881442Z,0.9999999999999992,2,S2B_MSIL2A_20220503T182909_R027_T11SLT_20220504T130613|S2B_MSIL2A_20220503T182909_R027_T11SLU_20220504T132151,11SLT|11SLU
sentinel-2b|2022-05-13T18:29:19.024000Z|R27|GS2B_20220513T182919_027080,sentinel-2b,2022-05-13T18:29:19.024000Z,2022-05-13,27,GS2B_20220513T182919_027080,05.10,2024-06-18T21:34:06Z,0.9999999999999992,2,S2B_MSIL2A_20220513T182919_R027_T11SLT_20240618T213406|S2B_MSIL2A_20220513T182919_R027_T11SLU_20240618T213406,11SLT|11SLU
sentinel-2b|2022-05-23T18:29:19.024000Z|R27|GS2B_20220523T182919_027223,sentinel-2b,2022-05-23T18:29:19.024000Z,2022-05-23,27,GS2B_20220523T182919_027223,04.00,2022-05-24T11:38:56.752701Z,0.9999999999999992,2,S2B_MSIL2A_20220523T182919_R027_T11SLT_20220524T112725|S2B_MSIL2A_20220523T182919_R027_T11SLU_20220524T113856,11SLT|11SLU
sentinel-2b|2022-06-02T18:29:19.024000Z|R27|GS2B_20220602T182919_027366,sentinel-2b,2022-06-02T18:29:19.024000Z,2022-06-02,27,GS2B_20220602T182919_027366,05.10,2024-06-19T14:03:27Z,0.9999999999999992,2,S2B_MSIL2A_20220602T182919_R027_T11SLT_20240619T140327|S2B_MSIL2A_20220602T182919_R027_T11SLU_20240619T140327,11SLT|11SLU
sentinel-2b|2022-06-12T18:29:19.024000Z|R27|GS2B_20220612T182919_027509,sentinel-2b,2022-06-12T18:29:19.024000Z,2022-06-12,27,GS2B_20220612T182919_027509,04.00,2022-06-13T16:49:13.181354Z,0.9999999999999992,2,S2B_MSIL2A_20220612T182919_R027_T11SLT_20220613T160527|S2B_MSIL2A_20220612T182919_R027_T11SLU_20220613T164913,11SLT|11SLU
sentinel-2b|2022-06-22T18:29:19.024000Z|R27|GS2B_20220622T182919_027652,sentinel-2b,2022-06-22T18:29:19.024000Z,2022-06-22,27,GS2B_20220622T182919_027652,04.00,2022-06-23T15:28:57.921166Z,0.9999999999999992,2,S2B_MSIL2A_20220622T182919_R027_T11SLT_20220623T145026|S2B_MSIL2A_20220622T182919_R027_T11SLU_20220623T152857,11SLT|11SLU
sentinel-2b|2022-07-02T18:29:19.024000Z|R27|GS2B_20220702T182919_027795,sentinel-2b,2022-07-02T18:29:19.024000Z,2022-07-02,27,GS2B_20220702T182919_027795,04.00,2022-07-03T08:29:38.165402Z,0.9999999999999992,2,S2B_MSIL2A_20220702T182919_R027_T11SLT_20220703T071729|S2B_MSIL2A_20220702T182919_R027_T11SLU_20220703T082938,11SLT|11SLU
sentinel-2b|2022-07-12T18:29:19.024000Z|R27|GS2B_20220712T182919_027938,sentinel-2b,2022-07-12T18:29:19.024000Z,2022-07-12,27,GS2B_20220712T182919_027938,04.00,2022-07-14T02:45:52.901310Z,0.9999999999999992,2,S2B_MSIL2A_20220712T182919_R027_T11SLT_20220714T024552|S2B_MSIL2A_20220712T182919_R027_T11SLU_20220714T022000,11SLT|11SLU
sentinel-2b|2022-07-22T18:29:19.024000Z|R27|GS2B_20220722T182919_028081,sentinel-2b,2022-07-22T18:29:19.024000Z,2022-07-22,27,GS2B_20220722T182919_028081,04.00,2022-07-24T20:13:40.273036Z,0.9999999999999992,2,S2B_MSIL2A_20220722T182919_R027_T11SLT_20220724T195105|S2B_MSIL2A_20220722T182919_R027_T11SLU_20220724T201340,11SLT|11SLU
sentinel-2b|2022-08-01T18:29:19.024000Z|R27|GS2B_20220801T182919_028224,sentinel-2b,2022-08-01T18:29:19.024000Z,2022-08-01,27,GS2B_20220801T182919_028224,04.00,2022-08-02T14:12:30.998540Z,0.9999999999999992,2,S2B_MSIL2A_20220801T182919_R027_T11SLT_20220802T141230|S2B_MSIL2A_20220801T182919_R027_T11SLU_20220802T131051,11SLT|11SLU
sentinel-2b|2022-08-11T18:29:19.024000Z|R27|GS2B_20220811T182919_028367,sentinel-2b,2022-08-11T18:29:19.024000Z,2022-08-11,27,GS2B_20220811T182919_028367,04.00,2022-08-12T13:44:35.143074Z,0.9999999999999992,2,S2B_MSIL2A_20220811T182919_R027_T11SLT_20220812T134435|S2B_MSIL2A_20220811T182919_R027_T11SLU_20220812T134417,11SLT|11SLU
sentinel-2b|2022-08-21T18:29:19.024000Z|R27|GS2B_20220821T182919_028510,sentinel-2b,2022-08-21T18:29:19.024000Z,2022-08-21,27,GS2B_20220821T182919_028510,05.10,2024-07-20T09:54:03Z,0.9999999999999992,2,S2B_MSIL2A_20220821T182919_R027_T11SLT_20240720T095403|S2B_MSIL2A_20220821T182919_R027_T11SLU_20240720T095403,11SLT|11SLU
sentinel-2b|2022-08-31T18:29:19.024000Z|R27|GS2B_20220831T182919_028653,sentinel-2b,2022-08-31T18:29:19.024000Z,2022-08-31,27,GS2B_20220831T182919_028653,05.10,2024-07-10T18:07:48Z,0.9999999999999992,2,S2B_MSIL2A_20220831T182919_R027_T11SLT_20240710T180748|S2B_MSIL2A_20220831T182919_R027_T11SLU_20240710T180748,11SLT|11SLU
sentinel-2b|2022-09-10T18:29:29.024000Z|R27|GS2B_20220910T182929_028796,sentinel-2b,2022-09-10T18:29:29.024000Z,2022-09-10,27,GS2B_20220910T182929_028796,04.00,2022-09-12T04:42:44.409365Z,0.9999999999999992,2,S2B_MSIL2A_20220910T182929_R027_T11SLT_20220912T044244|S2B_MSIL2A_20220910T182929_R027_T11SLU_20220912T043701,11SLT|11SLU
sentinel-2b|2022-09-20T18:30:39.024000Z|R27|GS2B_20220920T183039_028939,sentinel-2b,2022-09-20T18:30:39.024000Z,2022-09-20,27,GS2B_20220920T183039_028939,05.10,2024-07-30T11:29:47Z,0.9999999999999992,2,S2B_MSIL2A_20220920T183039_R027_T11SLT_20240730T112947|S2B_MSIL2A_20220920T183039_R027_T11SLU_20240730T112947,11SLT|11SLU
sentinel-2b|2022-09-30T18:31:49.024000Z|R27|GS2B_20220930T183149_029082,sentinel-2b,2022-09-30T18:31:49.024000Z,2022-09-30,27,GS2B_20220930T183149_029082,05.10,2024-07-26T18:07:16Z,0.9999999999999992,2,S2B_MSIL2A_20220930T183149_R027_T11SLT_20240726T180716|S2B_MSIL2A_20220930T183149_R027_T11SLU_20240726T180716,11SLT|11SLU
sentinel-2b|2022-10-10T18:32:59.024000Z|R27|GS2B_20221010T183259_029225,sentinel-2b,2022-10-10T18:32:59.024000Z,2022-10-10,27,GS2B_20221010T183259_029225,04.00,2022-10-11T05:21:36.342412Z,0.9999999999999992,2,S2B_MSIL2A_20221010T183259_R027_T11SLT_20221011T051337|S2B_MSIL2A_20221010T183259_R027_T11SLU_20221011T052136,11SLT|11SLU
sentinel-2b|2022-10-20T18:34:09.024000Z|R27|GS2B_20221020T183409_029368,sentinel-2b,2022-10-20T18:34:09.024000Z,2022-10-20,27,GS2B_20221020T183409_029368,04.00,2022-10-21T05:48:23.635529Z,0.9999999999999992,2,S2B_MSIL2A_20221020T183409_R027_T11SLT_20221021T042901|S2B_MSIL2A_20221020T183409_R027_T11SLU_20221021T054823,11SLT|11SLU
sentinel-2b|2023-03-09T18:32:09.025000Z|R27|GS2B_20230309T183209_031370,sentinel-2b,2023-03-09T18:32:09.025000Z,2023-03-09,27,GS2B_20230309T183209_031370,05.10,2024-08-23T15:06:14Z,0.9999999999999992,2,S2B_MSIL2A_20230309T183209_R027_T11SLT_20240823T150614|S2B_MSIL2A_20230309T183209_R027_T11SLU_20240823T150614,11SLT|11SLU
sentinel-2b|2023-03-19T18:30:59.024000Z|R27|GS2B_20230319T183059_031513,sentinel-2b,2023-03-19T18:30:59.024000Z,2023-03-19,27,GS2B_20230319T183059_031513,05.10,2024-08-25T11:02:57Z,0.9999999999999992,2,S2B_MSIL2A_20230319T183059_R027_T11SLT_20240825T110257|S2B_MSIL2A_20230319T183059_R027_T11SLU_20240825T110257,11SLT|11SLU
sentinel-2b|2023-03-29T18:29:49.024000Z|R27|GS2B_20230329T182949_031656,sentinel-2b,2023-03-29T18:29:49.024000Z,2023-03-29,27,GS2B_20230329T182949_031656,05.10,2024-08-24T09:33:10Z,0.9999999999999992,2,S2B_MSIL2A_20230329T182949_R027_T11SLT_20240824T093310|S2B_MSIL2A_20230329T182949_R027_T11SLU_20240824T093310,11SLT|11SLU
sentinel-2b|2023-04-08T18:29:19.024000Z|R27|GS2B_20230408T182919_031799,sentinel-2b,2023-04-08T18:29:19.024000Z,2023-04-08,27,GS2B_20230408T182919_031799,05.09,2023-04-09T01:39:57.156580Z,0.9999999999999992,2,S2B_MSIL2A_20230408T182919_R027_T11SLT_20230409T013935|S2B_MSIL2A_20230408T182919_R027_T11SLU_20230409T013957,11SLT|11SLU
sentinel-2b|2023-04-18T18:29:19.024000Z|R27|GS2B_20230418T182919_031942,sentinel-2b,2023-04-18T18:29:19.024000Z,2023-04-18,27,GS2B_20230418T182919_031942,05.10,2024-09-02T07:20:49Z,0.9999999999999992,2,S2B_MSIL2A_20230418T182919_R027_T11SLT_20240902T072049|S2B_MSIL2A_20230418T182919_R027_T11SLU_20240902T072049,11SLT|11SLU
sentinel-2b|2023-04-28T18:29:19.024000Z|R27|GS2B_20230428T182919_032085,sentinel-2b,2023-04-28T18:29:19.024000Z,2023-04-28,27,GS2B_20230428T182919_032085,05.10,2024-09-01T06:42:50Z,0.9999999999999992,2,S2B_MSIL2A_20230428T182919_R027_T11SLT_20240901T064250|S2B_MSIL2A_20230428T182919_R027_T11SLU_20240901T064250,11SLT|11SLU
sentinel-2b|2023-05-18T18:29:19.024000Z|R27|GS2B_20230518T182919_032371,sentinel-2b,2023-05-18T18:29:19.024000Z,2023-05-18,27,GS2B_20230518T182919_032371,05.09,2023-05-19T02:43:19.398847Z,0.9999999999999992,2,S2B_MSIL2A_20230518T182919_R027_T11SLT_20230519T024319|S2B_MSIL2A_20230518T182919_R027_T11SLU_20230519T024241,11SLT|11SLU
sentinel-2b|2023-05-28T18:29:19.024000Z|R27|GS2B_20230528T182919_032514,sentinel-2b,2023-05-28T18:29:19.024000Z,2023-05-28,27,GS2B_20230528T182919_032514,05.10,2024-09-08T23:35:06Z,0.9999999999999992,2,S2B_MSIL2A_20230528T182919_R027_T11SLT_20240908T233506|S2B_MSIL2A_20230528T182919_R027_T11SLU_20240908T233506,11SLT|11SLU
sentinel-2b|2023-06-07T18:29:19.024000Z|R27|GS2B_20230607T182919_032657,sentinel-2b,2023-06-07T18:29:19.024000Z,2023-06-07,27,GS2B_20230607T182919_032657,05.10,2024-09-13T15:19:00Z,0.9999999999999992,2,S2B_MSIL2A_20230607T182919_R027_T11SLT_20240913T151900|S2B_MSIL2A_20230607T182919_R027_T11SLU_20240913T151900,11SLT|11SLU
sentinel-2b|2023-06-17T18:29:19.024000Z|R27|GS2B_20230617T182919_032800,sentinel-2b,2023-06-17T18:29:19.024000Z,2023-06-17,27,GS2B_20230617T182919_032800,05.10,2024-09-16T17:20:46Z,0.9999999999999992,2,S2B_MSIL2A_20230617T182919_R027_T11SLT_20240916T172046|S2B_MSIL2A_20230617T182919_R027_T11SLU_20240916T172046,11SLT|11SLU
sentinel-2b|2023-06-27T18:29:19.024000Z|R27|GS2B_20230627T182919_032943,sentinel-2b,2023-06-27T18:29:19.024000Z,2023-06-27,27,GS2B_20230627T182919_032943,05.10,2024-09-12T10:52:41Z,0.9999999999999992,2,S2B_MSIL2A_20230627T182919_R027_T11SLT_20240912T105241|S2B_MSIL2A_20230627T182919_R027_T11SLU_20240912T105241,11SLT|11SLU
sentinel-2b|2023-07-07T18:29:19.024000Z|R27|GS2B_20230707T182919_033086,sentinel-2b,2023-07-07T18:29:19.024000Z,2023-07-07,27,GS2B_20230707T182919_033086,05.10,2024-10-23T15:00:18Z,0.9999999999999992,2,S2B_MSIL2A_20230707T182919_R027_T11SLT_20241023T150018|S2B_MSIL2A_20230707T182919_R027_T11SLU_20241023T150018,11SLT|11SLU
sentinel-2b|2023-07-17T18:29:19.024000Z|R27|GS2B_20230717T182919_033229,sentinel-2b,2023-07-17T18:29:19.024000Z,2023-07-17,27,GS2B_20230717T182919_033229,05.10,2024-10-20T13:22:02Z,0.9999999999999992,2,S2B_MSIL2A_20230717T182919_R027_T11SLT_20241020T132202|S2B_MSIL2A_20230717T182919_R027_T11SLU_20241020T132202,11SLT|11SLU
sentinel-2b|2023-07-27T18:29:29.024000Z|R27|GS2B_20230727T182929_033372,sentinel-2b,2023-07-27T18:29:29.024000Z,2023-07-27,27,GS2B_20230727T182929_033372,05.10,2024-10-10T17:32:01Z,0.9999999999999992,2,S2B_MSIL2A_20230727T182929_R027_T11SLT_20241010T173201|S2B_MSIL2A_20230727T182929_R027_T11SLU_20241010T173201,11SLT|11SLU
sentinel-2b|2023-08-06T18:29:19.024000Z|R27|GS2B_20230806T182919_033515,sentinel-2b,2023-08-06T18:29:19.024000Z,2023-08-06,27,GS2B_20230806T182919_033515,05.10,2024-10-21T05:42:04Z,0.9999999999999992,2,S2B_MSIL2A_20230806T182919_R027_T11SLT_20241021T054204|S2B_MSIL2A_20230806T182919_R027_T11SLU_20241021T054204,11SLT|11SLU
sentinel-2b|2023-08-16T18:29:19.024000Z|R27|GS2B_20230816T182919_033658,sentinel-2b,2023-08-16T18:29:19.024000Z,2023-08-16,27,GS2B_20230816T182919_033658,05.10,2024-10-15T18:41:57Z,0.9999999999999992,2,S2B_MSIL2A_20230816T182919_R027_T11SLT_20241015T184157|S2B_MSIL2A_20230816T182919_R027_T11SLU_20241015T184157,11SLT|11SLU
sentinel-2b|2023-08-26T18:29:19.024000Z|R27|GS2B_20230826T182919_033801,sentinel-2b,2023-08-26T18:29:19.024000Z,2023-08-26,27,GS2B_20230826T182919_033801,05.10,2024-10-22T09:15:30Z,0.0003134549722080939,2,S2B_MSIL2A_20230826T182919_R027_T11SLT_20241022T091530|S2B_MSIL2A_20230826T182919_R027_T11SLU_20241022T091530,11SLT|11SLU
sentinel-2b|2023-09-05T18:29:19.024000Z|R27|GS2B_20230905T182919_033944,sentinel-2b,2023-09-05T18:29:19.024000Z,2023-09-05,27,GS2B_20230905T182919_033944,05.10,2024-09-16T13:24:30Z,0.9999999999999992,2,S2B_MSIL2A_20230905T182919_R027_T11SLT_20240916T132430|S2B_MSIL2A_20230905T182919_R027_T11SLU_20240916T132430,11SLT|11SLU
sentinel-2b|2023-09-15T18:30:09.024000Z|R27|GS2B_20230915T183009_034087,sentinel-2b,2023-09-15T18:30:09.024000Z,2023-09-15,27,GS2B_20230915T183009_034087,05.10,2024-11-05T12:00:39Z,0.9999999999999992,2,S2B_MSIL2A_20230915T183009_R027_T11SLT_20241105T120039|S2B_MSIL2A_20230915T183009_R027_T11SLU_20241105T120039,11SLT|11SLU
sentinel-2b|2023-09-25T18:30:29.024000Z|R27|GS2B_20230925T183029_034230,sentinel-2b,2023-09-25T18:30:29.024000Z,2023-09-25,27,GS2B_20230925T183029_034230,05.09,2023-09-26T01:10:52.456693Z,0.9999999999999992,2,S2B_MSIL2A_20230925T183029_R027_T11SLT_20230926T011052|S2B_MSIL2A_20230925T183029_R027_T11SLU_20230926T004032,11SLT|11SLU
sentinel-2b|2023-10-05T18:31:29.024000Z|R27|GS2B_20231005T183129_034373,sentinel-2b,2023-10-05T18:31:29.024000Z,2023-10-05,27,GS2B_20231005T183129_034373,05.09,2023-10-06T02:12:06.552623Z,0.9999999999999992,2,S2B_MSIL2A_20231005T183129_R027_T11SLT_20231006T021200|S2B_MSIL2A_20231005T183129_R027_T11SLU_20231006T021206,11SLT|11SLU
sentinel-2b|2024-03-13T18:30:39.024000Z|R27|GS2B_20240313T183039_036661,sentinel-2b,2024-03-13T18:30:39.024000Z,2024-03-13,27,GS2B_20240313T183039_036661,05.10,2024-03-13T23:12:25.949158Z,0.9999999999999992,2,S2B_MSIL2A_20240313T183039_R027_T11SLT_20240313T230715|S2B_MSIL2A_20240313T183039_R027_T11SLU_20240313T231225,11SLT|11SLU
sentinel-2b|2024-03-23T18:29:29.024000Z|R27|GS2B_20240323T182929_036804,sentinel-2b,2024-03-23T18:29:29.024000Z,2024-03-23,27,GS2B_20240323T182929_036804,05.10,2024-03-23T23:18:18.213704Z,0.9999999999999992,2,S2B_MSIL2A_20240323T182929_R027_T11SLT_20240323T231814|S2B_MSIL2A_20240323T182929_R027_T11SLU_20240323T231818,11SLT|11SLU
sentinel-2b|2024-04-02T18:29:19.024000Z|R27|GS2B_20240402T182919_036947,sentinel-2b,2024-04-02T18:29:19.024000Z,2024-04-02,27,GS2B_20240402T182919_036947,05.10,2024-04-02T23:54:37.546656Z,0.9999999999999992,2,S2B_MSIL2A_20240402T182919_R027_T11SLT_20240402T235432|S2B_MSIL2A_20240402T182919_R027_T11SLU_20240402T235437,11SLT|11SLU
sentinel-2b|2024-04-12T18:29:19.024000Z|R27|GS2B_20240412T182919_037090,sentinel-2b,2024-04-12T18:29:19.024000Z,2024-04-12,27,GS2B_20240412T182919_037090,05.10,2024-04-13T00:13:30.784039Z,0.9999999999999992,2,S2B_MSIL2A_20240412T182919_R027_T11SLT_20240413T001330|S2B_MSIL2A_20240412T182919_R027_T11SLU_20240412T234353,11SLT|11SLU
sentinel-2b|2024-04-22T18:29:19.024000Z|R27|GS2B_20240422T182919_037233,sentinel-2b,2024-04-22T18:29:19.024000Z,2024-04-22,27,GS2B_20240422T182919_037233,05.10,2024-04-23T00:18:12.460984Z,0.9999999999999992,2,S2B_MSIL2A_20240422T182919_R027_T11SLT_20240423T001759|S2B_MSIL2A_20240422T182919_R027_T11SLU_20240423T001812,11SLT|11SLU
sentinel-2b|2024-05-02T18:29:19.024000Z|R27|GS2B_20240502T182919_037376,sentinel-2b,2024-05-02T18:29:19.024000Z,2024-05-02,27,GS2B_20240502T182919_037376,05.10,2024-05-02T23:54:43.836880Z,0.9999999999999992,2,S2B_MSIL2A_20240502T182919_R027_T11SLT_20240502T235025|S2B_MSIL2A_20240502T182919_R027_T11SLU_20240502T235443,11SLT|11SLU
sentinel-2b|2024-05-12T18:29:19.024000Z|R27|GS2B_20240512T182919_037519,sentinel-2b,2024-05-12T18:29:19.024000Z,2024-05-12,27,GS2B_20240512T182919_037519,05.10,2024-05-13T00:23:38.966628Z,0.9999999999999992,2,S2B_MSIL2A_20240512T182919_R027_T11SLT_20240513T002330|S2B_MSIL2A_20240512T182919_R027_T11SLU_20240513T002338,11SLT|11SLU
sentinel-2b|2024-05-22T18:29:19.024000Z|R27|GS2B_20240522T182919_037662,sentinel-2b,2024-05-22T18:29:19.024000Z,2024-05-22,27,GS2B_20240522T182919_037662,05.10,2024-05-23T00:21:29.208037Z,0.9999999999999992,2,S2B_MSIL2A_20240522T182919_R027_T11SLT_20240522T232706|S2B_MSIL2A_20240522T182919_R027_T11SLU_20240523T002129,11SLT|11SLU
sentinel-2b|2024-06-01T18:29:19.024000Z|R27|GS2B_20240601T182919_037805,sentinel-2b,2024-06-01T18:29:19.024000Z,2024-06-01,27,GS2B_20240601T182919_037805,05.10,2024-06-01T23:15:58.362262Z,0.9999999999999992,2,S2B_MSIL2A_20240601T182919_R027_T11SLT_20240601T231436|S2B_MSIL2A_20240601T182919_R027_T11SLU_20240601T231558,11SLT|11SLU
sentinel-2b|2024-06-11T18:29:19.024000Z|R27|GS2B_20240611T182919_037948,sentinel-2b,2024-06-11T18:29:19.024000Z,2024-06-11,27,GS2B_20240611T182919_037948,05.10,2024-06-11T23:26:48.921373Z,0.9999999999999992,2,S2B_MSIL2A_20240611T182919_R027_T11SLT_20240611T232648|S2B_MSIL2A_20240611T182919_R027_T11SLU_20240611T232452,11SLT|11SLU
sentinel-2b|2024-06-21T18:29:19.024000Z|R27|GS2B_20240621T182919_038091,sentinel-2b,2024-06-21T18:29:19.024000Z,2024-06-21,27,GS2B_20240621T182919_038091,05.10,2024-06-22T01:20:25.607683Z,0.9999999999999992,2,S2B_MSIL2A_20240621T182919_R027_T11SLT_20240622T012025|S2B_MSIL2A_20240621T182919_R027_T11SLU_20240622T010751,11SLT|11SLU
sentinel-2b|2024-07-01T18:29:19.024000Z|R27|GS2B_20240701T182919_038234,sentinel-2b,2024-07-01T18:29:19.024000Z,2024-07-01,27,GS2B_20240701T182919_038234,05.10,2024-07-02T01:21:40.981796Z,0.9999999999999992,2,S2B_MSIL2A_20240701T182919_R027_T11SLT_20240702T012047|S2B_MSIL2A_20240701T182919_R027_T11SLU_20240702T012140,11SLT|11SLU
sentinel-2b|2024-07-11T18:29:19.024000Z|R27|GS2B_20240711T182919_038377,sentinel-2b,2024-07-11T18:29:19.024000Z,2024-07-11,27,GS2B_20240711T182919_038377,05.10,2024-07-12T02:33:34.759001Z,0.9999999999999992,2,S2B_MSIL2A_20240711T182919_R027_T11SLT_20240712T022818|S2B_MSIL2A_20240711T182919_R027_T11SLU_20240712T023334,11SLT|11SLU
sentinel-2b|2024-07-21T18:29:19.024000Z|R27|GS2B_20240721T182919_038520,sentinel-2b,2024-07-21T18:29:19.024000Z,2024-07-21,27,GS2B_20240721T182919_038520,05.10,2024-07-21T23:57:23.997940Z,0.9999999999999992,2,S2B_MSIL2A_20240721T182919_R027_T11SLT_20240721T235723|S2B_MSIL2A_20240721T182919_R027_T11SLU_20240721T235642,11SLT|11SLU
sentinel-2b|2024-07-31T18:29:19.024000Z|R27|GS2B_20240731T182919_038663,sentinel-2b,2024-07-31T18:29:19.024000Z,2024-07-31,27,GS2B_20240731T182919_038663,05.11,2024-07-31T22:02:20Z,0.9999999999999992,2,S2B_MSIL2A_20240731T182919_R027_T11SLT_20240731T220220|S2B_MSIL2A_20240731T182919_R027_T11SLU_20240731T220220,11SLT|11SLU
sentinel-2b|2024-08-10T18:29:19.024000Z|R27|GS2B_20240810T182919_038806,sentinel-2b,2024-08-10T18:29:19.024000Z,2024-08-10,27,GS2B_20240810T182919_038806,05.11,2024-08-10T22:45:14Z,0.9999999999999992,2,S2B_MSIL2A_20240810T182919_R027_T11SLT_20240810T224514|S2B_MSIL2A_20240810T182919_R027_T11SLU_20240810T224514,11SLT|11SLU
sentinel-2b|2024-08-20T18:29:19.024000Z|R27|GS2B_20240820T182919_038949,sentinel-2b,2024-08-20T18:29:19.024000Z,2024-08-20,27,GS2B_20240820T182919_038949,05.11,2024-08-20T23:41:53Z,0.9657018024653832,2,S2B_MSIL2A_20240820T182919_R027_T11SLT_20240820T234153|S2B_MSIL2A_20240820T182919_R027_T11SLU_20240820T234153,11SLT|11SLU
sentinel-2b|2024-08-30T18:29:19.024000Z|R27|GS2B_20240830T182919_039092,sentinel-2b,2024-08-30T18:29:19.024000Z,2024-08-30,27,GS2B_20240830T182919_039092,05.11,2024-08-30T23:55:32Z,0.9999999999999992,2,S2B_MSIL2A_20240830T182919_R027_T11SLT_20240830T235532|S2B_MSIL2A_20240830T182919_R027_T11SLU_20240830T235532,11SLT|11SLU
sentinel-2b|2024-09-09T18:29:19.024000Z|R27|GS2B_20240909T182919_039235,sentinel-2b,2024-09-09T18:29:19.024000Z,2024-09-09,27,GS2B_20240909T182919_039235,05.11,2024-09-09T22:48:20Z,0.9999999999999992,2,S2B_MSIL2A_20240909T182919_R027_T11SLT_20240909T224820|S2B_MSIL2A_20240909T182919_R027_T11SLU_20240909T224820,11SLT|11SLU
sentinel-2b|2024-09-29T18:30:59.024000Z|R27|GS2B_20240929T183059_039521,sentinel-2b,2024-09-29T18:30:59.024000Z,2024-09-29,27,GS2B_20240929T183059_039521,05.11,2024-09-29T22:37:49Z,0.9999999999999992,2,S2B_MSIL2A_20240929T183059_R027_T11SLT_20240929T223749|S2B_MSIL2A_20240929T183059_R027_T11SLU_20240929T223749,11SLT|11SLU
sentinel-2b|2024-10-09T18:31:49.024000Z|R27|GS2B_20241009T183149_039664,sentinel-2b,2024-10-09T18:31:49.024000Z,2024-10-09,27,GS2B_20241009T183149_039664,05.11,2024-10-09T22:22:57Z,0.9999999999999992,2,S2B_MSIL2A_20241009T183149_R027_T11SLT_20241009T222257|S2B_MSIL2A_20241009T183149_R027_T11SLU_20241009T222257,11SLT|11SLU
sentinel-2b|2024-10-19T18:33:09.024000Z|R27|GS2B_20241019T183309_039807,sentinel-2b,2024-10-19T18:33:09.024000Z,2024-10-19,27,GS2B_20241019T183309_039807,05.11,2024-10-19T22:08:25Z,0.9999999999999992,2,S2B_MSIL2A_20241019T183309_R027_T11SLT_20241019T220825|S2B_MSIL2A_20241019T183309_R027_T11SLU_20241019T220825,11SLT|11SLU
