family,model_id,focus_joint_b1_or_m2,platform,tract_date_row_count,independent_date_count,independent_spatial_block_count,equal_date_weighted_mae_c,equal_date_weighted_rmse_c,equal_date_weighted_mean_signed_error_c,mean_per_date_spearman,median_per_date_spearman,spearman_defined_date_count,spearman_undefined_date_count,analysis_config_semantic_sha256,compile_provenance_file_sha256,compile_provenance_commit_sha256,oof_predictions_sha256,model_dataset_provenance_file_sha256,model_dataset_commit_sha256,target_progress_sha256,model_ready_target_sha256,date_summary_sha256,development_model_table_sha256
temporal,B0,False,landsat-8,40578,41,71,2.9318169846357236,3.5647590024896756,0.3033901984962881,-0.023037020742309514,-0.023037020742309514,1,40,3b188221263ad4673846ce5170fa622b5395e51a4aaa750114e1793d3986975b,55416c987a2d25f9177dd974307ae595761c1db31ecaa9d7561fb6c42d4d5e7c,00d1e59ce78baffbf9d24361ac8ba16a1d577b22cb193e15596627259190ed07,0c06b88fd09cd514745b699e6b6a7e12901db8d3247e42b582feaf1f7e91c04a,1eafe424a4c718d6a3b18cff938036f958858c70b344740788993b119bfbb04b,9c2f903993167fc2a228b3cfe60a23fe33f57f252bae6299458338cb8eb967ad,3f630dfcc8a1c2a19b093e7fe0f4bdc7f830fef42266fcf1156112f0eb959046,11f4fe862570895441036964a9b308e92c2ee6ba8a87b5da9009ffd5208a4bda,2c6d6a597c6b1b321c4f632291c22dfe5788a058fe82fd65114a5a59d5d0be83,3a365f5dd3e9d410585a34695bb444d67b220c4b40a9348288a540078bc27f75
temporal,B0,False,landsat-9,22825,24,71,3.5552580872997446,4.130375766110595,-0.649651313049476,,,0,24,3b188221263ad4673846ce5170fa622b5395e51a4aaa750114e1793d3986975b,55416c987a2d25f9177dd974307ae595761c1db31ecaa9d7561fb6c42d4d5e7c,00d1e59ce78baffbf9d24361ac8ba16a1d577b22cb193e15596627259190ed07,0c06b88fd09cd514745b699e6b6a7e12901db8d3247e42b582feaf1f7e91c04a,1eafe424a4c718d6a3b18cff938036f958858c70b344740788993b119bfbb04b,9c2f903993167fc2a228b3cfe60a23fe33f57f252bae6299458338cb8eb967ad,3f630dfcc8a1c2a19b093e7fe0f4bdc7f830fef42266fcf1156112f0eb959046,11f4fe862570895441036964a9b308e92c2ee6ba8a87b5da9009ffd5208a4bda,2c6d6a597c6b1b321c4f632291c22dfe5788a058fe82fd65114a5a59d5d0be83,3a365f5dd3e9d410585a34695bb444d67b220c4b40a9348288a540078bc27f75
temporal,B1,False,landsat-8,40578,41,71,2.332234316059526,2.871922842743129,-0.012325136337637582,0.4066430049338828,0.45785168102963214,41,0,3b188221263ad4673846ce5170fa622b5395e51a4aaa750114e1793d3986975b,55416c987a2d25f9177dd974307ae595761c1db31ecaa9d7561fb6c42d4d5e7c,00d1e59ce78baffbf9d24361ac8ba16a1d577b22cb193e15596627259190ed07,0c06b88fd09cd514745b699e6b6a7e12901db8d3247e42b582feaf1f7e91c04a,1eafe424a4c718d6a3b18cff938036f958858c70b344740788993b119bfbb04b,9c2f903993167fc2a228b3cfe60a23fe33f57f252bae6299458338cb8eb967ad,3f630dfcc8a1c2a19b093e7fe0f4bdc7f830fef42266fcf1156112f0eb959046,11f4fe862570895441036964a9b308e92c2ee6ba8a87b5da9009ffd5208a4bda,2c6d6a597c6b1b321c4f632291c22dfe5788a058fe82fd65114a5a59d5d0be83,3a365f5dd3e9d410585a34695bb444d67b220c4b40a9348288a540078bc27f75
temporal,B1,False,landsat-9,22825,24,71,2.6735816500284497,3.229082373495917,0.251462422563893,0.4503966018767109,0.4927205569792115,24,0,3b188221263ad4673846ce5170fa622b5395e51a4aaa750114e1793d3986975b,55416c987a2d25f9177dd974307ae595761c1db31ecaa9d7561fb6c42d4d5e7c,00d1e59ce78baffbf9d24361ac8ba16a1d577b22cb193e15596627259190ed07,0c06b88fd09cd514745b699e6b6a7e12901db8d3247e42b582feaf1f7e91c04a,1eafe424a4c718d6a3b18cff938036f958858c70b344740788993b119bfbb04b,9c2f903993167fc2a228b3cfe60a23fe33f57f252bae6299458338cb8eb967ad,3f630dfcc8a1c2a19b093e7fe0f4bdc7f830fef42266fcf1156112f0eb959046,11f4fe862570895441036964a9b308e92c2ee6ba8a87b5da9009ffd5208a4bda,2c6d6a597c6b1b321c4f632291c22dfe5788a058fe82fd65114a5a59d5d0be83,3a365f5dd3e9d410585a34695bb444d67b220c4b40a9348288a540078bc27f75
temporal,B2,False,landsat-8,40578,41,71,2.571633234894636,2.9479597735632748,0.28281503456250756,0.7218756227496741,0.7771486379293904,41,0,3b188221263ad4673846ce5170fa622b5395e51a4aaa750114e1793d3986975b,55416c987a2d25f9177dd974307ae595761c1db31ecaa9d7561fb6c42d4d5e7c,00d1e59ce78baffbf9d24361ac8ba16a1d577b22cb193e15596627259190ed07,0c06b88fd09cd514745b699e6b6a7e12901db8d3247e42b582feaf1f7e91c04a,1eafe424a4c718d6a3b18cff938036f958858c70b344740788993b119bfbb04b,9c2f903993167fc2a228b3cfe60a23fe33f57f252bae6299458338cb8eb967ad,3f630dfcc8a1c2a19b093e7fe0f4bdc7f830fef42266fcf1156112f0eb959046,11f4fe862570895441036964a9b308e92c2ee6ba8a87b5da9009ffd5208a4bda,2c6d6a597c6b1b321c4f632291c22dfe5788a058fe82fd65114a5a59d5d0be83,3a365f5dd3e9d410585a34695bb444d67b220c4b40a9348288a540078bc27f75
temporal,B2,False,landsat-9,22825,24,71,3.2444568585027382,3.591448116382628,-0.6259262651584948,0.7188492768923521,0.7641104418634672,24,0,3b188221263ad4673846ce5170fa622b5395e51a4aaa750114e1793d3986975b,55416c987a2d25f9177dd974307ae595761c1db31ecaa9d7561fb6c42d4d5e7c,00d1e59ce78baffbf9d24361ac8ba16a1d577b22cb193e15596627259190ed07,0c06b88fd09cd514745b699e6b6a7e12901db8d3247e42b582feaf1f7e91c04a,1eafe424a4c718d6a3b18cff938036f958858c70b344740788993b119bfbb04b,9c2f903993167fc2a228b3cfe60a23fe33f57f252bae6299458338cb8eb967ad,3f630dfcc8a1c2a19b093e7fe0f4bdc7f830fef42266fcf1156112f0eb959046,11f4fe862570895441036964a9b308e92c2ee6ba8a87b5da9009ffd5208a4bda,2c6d6a597c6b1b321c4f632291c22dfe5788a058fe82fd65114a5a59d5d0be83,3a365f5dd3e9d410585a34695bb444d67b220c4b40a9348288a540078bc27f75
temporal,M1,False,landsat-8,40578,41,71,1.8574466619339576,2.172487327604604,-0.0010007396080943484,0.7702236275418289,0.8068158185254328,41,0,3b188221263ad4673846ce5170fa622b5395e51a4aaa750114e1793d3986975b,55416c987a2d25f9177dd974307ae595761c1db31ecaa9d7561fb6c42d4d5e7c,00d1e59ce78baffbf9d24361ac8ba16a1d577b22cb193e15596627259190ed07,0c06b88fd09cd514745b699e6b6a7e12901db8d3247e42b582feaf1f7e91c04a,1eafe424a4c718d6a3b18cff938036f958858c70b344740788993b119bfbb04b,9c2f903993167fc2a228b3cfe60a23fe33f57f252bae6299458338cb8eb967ad,3f630dfcc8a1c2a19b093e7fe0f4bdc7f830fef42266fcf1156112f0eb959046,11f4fe862570895441036964a9b308e92c2ee6ba8a87b5da9009ffd5208a4bda,2c6d6a597c6b1b321c4f632291c22dfe5788a058fe82fd65114a5a59d5d0be83,3a365f5dd3e9d410585a34695bb444d67b220c4b40a9348288a540078bc27f75
temporal,M1,False,landsat-9,22825,24,71,2.3757572878883217,2.6981277497035543,0.03329770386612633,0.7984096442608761,0.8067826814443788,24,0,3b188221263ad4673846ce5170fa622b5395e51a4aaa750114e1793d3986975b,55416c987a2d25f9177dd974307ae595761c1db31ecaa9d7561fb6c42d4d5e7c,00d1e59ce78baffbf9d24361ac8ba16a1d577b22cb193e15596627259190ed07,0c06b88fd09cd514745b699e6b6a7e12901db8d3247e42b582feaf1f7e91c04a,1eafe424a4c718d6a3b18cff938036f958858c70b344740788993b119bfbb04b,9c2f903993167fc2a228b3cfe60a23fe33f57f252bae6299458338cb8eb967ad,3f630dfcc8a1c2a19b093e7fe0f4bdc7f830fef42266fcf1156112f0eb959046,11f4fe862570895441036964a9b308e92c2ee6ba8a87b5da9009ffd5208a4bda,2c6d6a597c6b1b321c4f632291c22dfe5788a058fe82fd65114a5a59d5d0be83,3a365f5dd3e9d410585a34695bb444d67b220c4b40a9348288a540078bc27f75
temporal,M2,False,landsat-8,40578,41,71,1.881895331435057,2.142090739698363,0.23216600016122868,0.8454331903940762,0.8848427090761336,41,0,3b188221263ad4673846ce5170fa622b5395e51a4aaa750114e1793d3986975b,55416c987a2d25f9177dd974307ae595761c1db31ecaa9d7561fb6c42d4d5e7c,00d1e59ce78baffbf9d24361ac8ba16a1d577b22cb193e15596627259190ed07,0c06b88fd09cd514745b699e6b6a7e12901db8d3247e42b582feaf1f7e91c04a,1eafe424a4c718d6a3b18cff938036f958858c70b344740788993b119bfbb04b,9c2f903993167fc2a228b3cfe60a23fe33f57f252bae6299458338cb8eb967ad,3f630dfcc8a1c2a19b093e7fe0f4bdc7f830fef42266fcf1156112f0eb959046,11f4fe862570895441036964a9b308e92c2ee6ba8a87b5da9009ffd5208a4bda,2c6d6a597c6b1b321c4f632291c22dfe5788a058fe82fd65114a5a59d5d0be83,3a365f5dd3e9d410585a34695bb444d67b220c4b40a9348288a540078bc27f75
temporal,M2,False,landsat-9,22825,24,71,2.1008352076574077,2.422491695387356,-0.18502431589575677,0.8305895905502775,0.8758363923217602,24,0,3b188221263ad4673846ce5170fa622b5395e51a4aaa750114e1793d3986975b,55416c987a2d25f9177dd974307ae595761c1db31ecaa9d7561fb6c42d4d5e7c,00d1e59ce78baffbf9d24361ac8ba16a1d577b22cb193e15596627259190ed07,0c06b88fd09cd514745b699e6b6a7e12901db8d3247e42b582feaf1f7e91c04a,1eafe424a4c718d6a3b18cff938036f958858c70b344740788993b119bfbb04b,9c2f903993167fc2a228b3cfe60a23fe33f57f252bae6299458338cb8eb967ad,3f630dfcc8a1c2a19b093e7fe0f4bdc7f830fef42266fcf1156112f0eb959046,11f4fe862570895441036964a9b308e92c2ee6ba8a87b5da9009ffd5208a4bda,2c6d6a597c6b1b321c4f632291c22dfe5788a058fe82fd65114a5a59d5d0be83,3a365f5dd3e9d410585a34695bb444d67b220c4b40a9348288a540078bc27f75
spatial,B0,False,landsat-8,40578,41,71,2.8401864215017834,3.4862038416974572,0.2993346180450177,-0.6682028793538127,-0.7117702097151521,41,0,3b188221263ad4673846ce5170fa622b5395e51a4aaa750114e1793d3986975b,55416c987a2d25f9177dd974307ae595761c1db31ecaa9d7561fb6c42d4d5e7c,00d1e59ce78baffbf9d24361ac8ba16a1d577b22cb193e15596627259190ed07,0c06b88fd09cd514745b699e6b6a7e12901db8d3247e42b582feaf1f7e91c04a,1eafe424a4c718d6a3b18cff938036f958858c70b344740788993b119bfbb04b,9c2f903993167fc2a228b3cfe60a23fe33f57f252bae6299458338cb8eb967ad,3f630dfcc8a1c2a19b093e7fe0f4bdc7f830fef42266fcf1156112f0eb959046,11f4fe862570895441036964a9b308e92c2ee6ba8a87b5da9009ffd5208a4bda,2c6d6a597c6b1b321c4f632291c22dfe5788a058fe82fd65114a5a59d5d0be83,3a365f5dd3e9d410585a34695bb444d67b220c4b40a9348288a540078bc27f75
spatial,B0,False,landsat-9,22825,24,71,3.4344180989664324,4.031084473605579,-0.5267124168729247,-0.6569707285425911,-0.7030539078291247,24,0,3b188221263ad4673846ce5170fa622b5395e51a4aaa750114e1793d3986975b,55416c987a2d25f9177dd974307ae595761c1db31ecaa9d7561fb6c42d4d5e7c,00d1e59ce78baffbf9d24361ac8ba16a1d577b22cb193e15596627259190ed07,0c06b88fd09cd514745b699e6b6a7e12901db8d3247e42b582feaf1f7e91c04a,1eafe424a4c718d6a3b18cff938036f958858c70b344740788993b119bfbb04b,9c2f903993167fc2a228b3cfe60a23fe33f57f252bae6299458338cb8eb967ad,3f630dfcc8a1c2a19b093e7fe0f4bdc7f830fef42266fcf1156112f0eb959046,11f4fe862570895441036964a9b308e92c2ee6ba8a87b5da9009ffd5208a4bda,2c6d6a597c6b1b321c4f632291c22dfe5788a058fe82fd65114a5a59d5d0be83,3a365f5dd3e9d410585a34695bb444d67b220c4b40a9348288a540078bc27f75
spatial,B1,False,landsat-8,40578,41,71,2.0659017159814708,2.5898015087259307,-0.008897136230249292,0.3942023966733978,0.43780725410754695,41,0,3b188221263ad4673846ce5170fa622b5395e51a4aaa750114e1793d3986975b,55416c987a2d25f9177dd974307ae595761c1db31ecaa9d7561fb6c42d4d5e7c,00d1e59ce78baffbf9d24361ac8ba16a1d577b22cb193e15596627259190ed07,0c06b88fd09cd514745b699e6b6a7e12901db8d3247e42b582feaf1f7e91c04a,1eafe424a4c718d6a3b18cff938036f958858c70b344740788993b119bfbb04b,9c2f903993167fc2a228b3cfe60a23fe33f57f252bae6299458338cb8eb967ad,3f630dfcc8a1c2a19b093e7fe0f4bdc7f830fef42266fcf1156112f0eb959046,11f4fe862570895441036964a9b308e92c2ee6ba8a87b5da9009ffd5208a4bda,2c6d6a597c6b1b321c4f632291c22dfe5788a058fe82fd65114a5a59d5d0be83,3a365f5dd3e9d410585a34695bb444d67b220c4b40a9348288a540078bc27f75
spatial,B1,False,landsat-9,22825,24,71,2.365330501261656,2.9100225101472468,-0.04366498623911297,0.4092140195480862,0.4514948537973392,24,0,3b188221263ad4673846ce5170fa622b5395e51a4aaa750114e1793d3986975b,55416c987a2d25f9177dd974307ae595761c1db31ecaa9d7561fb6c42d4d5e7c,00d1e59ce78baffbf9d24361ac8ba16a1d577b22cb193e15596627259190ed07,0c06b88fd09cd514745b699e6b6a7e12901db8d3247e42b582feaf1f7e91c04a,1eafe424a4c718d6a3b18cff938036f958858c70b344740788993b119bfbb04b,9c2f903993167fc2a228b3cfe60a23fe33f57f252bae6299458338cb8eb967ad,3f630dfcc8a1c2a19b093e7fe0f4bdc7f830fef42266fcf1156112f0eb959046,11f4fe862570895441036964a9b308e92c2ee6ba8a87b5da9009ffd5208a4bda,2c6d6a597c6b1b321c4f632291c22dfe5788a058fe82fd65114a5a59d5d0be83,3a365f5dd3e9d410585a34695bb444d67b220c4b40a9348288a540078bc27f75
spatial,B2,False,landsat-8,40578,41,71,2.471068318328548,2.871868863776852,0.28283843642778267,0.7005134093681742,0.7625877669502495,41,0,3b188221263ad4673846ce5170fa622b5395e51a4aaa750114e1793d3986975b,55416c987a2d25f9177dd974307ae595761c1db31ecaa9d7561fb6c42d4d5e7c,00d1e59ce78baffbf9d24361ac8ba16a1d577b22cb193e15596627259190ed07,0c06b88fd09cd514745b699e6b6a7e12901db8d3247e42b582feaf1f7e91c04a,1eafe424a4c718d6a3b18cff938036f958858c70b344740788993b119bfbb04b,9c2f903993167fc2a228b3cfe60a23fe33f57f252bae6299458338cb8eb967ad,3f630dfcc8a1c2a19b093e7fe0f4bdc7f830fef42266fcf1156112f0eb959046,11f4fe862570895441036964a9b308e92c2ee6ba8a87b5da9009ffd5208a4bda,2c6d6a597c6b1b321c4f632291c22dfe5788a058fe82fd65114a5a59d5d0be83,3a365f5dd3e9d410585a34695bb444d67b220c4b40a9348288a540078bc27f75
spatial,B2,False,landsat-9,22825,24,71,3.127605330723624,3.4959148365417057,-0.5028202764707126,0.6987080162877591,0.734059931108417,24,0,3b188221263ad4673846ce5170fa622b5395e51a4aaa750114e1793d3986975b,55416c987a2d25f9177dd974307ae595761c1db31ecaa9d7561fb6c42d4d5e7c,00d1e59ce78baffbf9d24361ac8ba16a1d577b22cb193e15596627259190ed07,0c06b88fd09cd514745b699e6b6a7e12901db8d3247e42b582feaf1f7e91c04a,1eafe424a4c718d6a3b18cff938036f958858c70b344740788993b119bfbb04b,9c2f903993167fc2a228b3cfe60a23fe33f57f252bae6299458338cb8eb967ad,3f630dfcc8a1c2a19b093e7fe0f4bdc7f830fef42266fcf1156112f0eb959046,11f4fe862570895441036964a9b308e92c2ee6ba8a87b5da9009ffd5208a4bda,2c6d6a597c6b1b321c4f632291c22dfe5788a058fe82fd65114a5a59d5d0be83,3a365f5dd3e9d410585a34695bb444d67b220c4b40a9348288a540078bc27f75
spatial,M1,False,landsat-8,40578,41,71,1.54925270348712,1.880925640779586,0.030099324495939977,0.7679588238831845,0.8029265774859222,41,0,3b188221263ad4673846ce5170fa622b5395e51a4aaa750114e1793d3986975b,55416c987a2d25f9177dd974307ae595761c1db31ecaa9d7561fb6c42d4d5e7c,00d1e59ce78baffbf9d24361ac8ba16a1d577b22cb193e15596627259190ed07,0c06b88fd09cd514745b699e6b6a7e12901db8d3247e42b582feaf1f7e91c04a,1eafe424a4c718d6a3b18cff938036f958858c70b344740788993b119bfbb04b,9c2f903993167fc2a228b3cfe60a23fe33f57f252bae6299458338cb8eb967ad,3f630dfcc8a1c2a19b093e7fe0f4bdc7f830fef42266fcf1156112f0eb959046,11f4fe862570895441036964a9b308e92c2ee6ba8a87b5da9009ffd5208a4bda,2c6d6a597c6b1b321c4f632291c22dfe5788a058fe82fd65114a5a59d5d0be83,3a365f5dd3e9d410585a34695bb444d67b220c4b40a9348288a540078bc27f75
spatial,M1,False,landsat-9,22825,24,71,1.9129877995787286,2.2620468394481366,-0.07873142117411643,0.7914824549704461,0.8009695109809749,24,0,3b188221263ad4673846ce5170fa622b5395e51a4aaa750114e1793d3986975b,55416c987a2d25f9177dd974307ae595761c1db31ecaa9d7561fb6c42d4d5e7c,00d1e59ce78baffbf9d24361ac8ba16a1d577b22cb193e15596627259190ed07,0c06b88fd09cd514745b699e6b6a7e12901db8d3247e42b582feaf1f7e91c04a,1eafe424a4c718d6a3b18cff938036f958858c70b344740788993b119bfbb04b,9c2f903993167fc2a228b3cfe60a23fe33f57f252bae6299458338cb8eb967ad,3f630dfcc8a1c2a19b093e7fe0f4bdc7f830fef42266fcf1156112f0eb959046,11f4fe862570895441036964a9b308e92c2ee6ba8a87b5da9009ffd5208a4bda,2c6d6a597c6b1b321c4f632291c22dfe5788a058fe82fd65114a5a59d5d0be83,3a365f5dd3e9d410585a34695bb444d67b220c4b40a9348288a540078bc27f75
spatial,M2,False,landsat-8,40578,41,71,0.8135676486358979,1.093368380711144,-0.013396302744826429,0.8820092894868294,0.8851878763670558,41,0,3b188221263ad4673846ce5170fa622b5395e51a4aaa750114e1793d3986975b,55416c987a2d25f9177dd974307ae595761c1db31ecaa9d7561fb6c42d4d5e7c,00d1e59ce78baffbf9d24361ac8ba16a1d577b22cb193e15596627259190ed07,0c06b88fd09cd514745b699e6b6a7e12901db8d3247e42b582feaf1f7e91c04a,1eafe424a4c718d6a3b18cff938036f958858c70b344740788993b119bfbb04b,9c2f903993167fc2a228b3cfe60a23fe33f57f252bae6299458338cb8eb967ad,3f630dfcc8a1c2a19b093e7fe0f4bdc7f830fef42266fcf1156112f0eb959046,11f4fe862570895441036964a9b308e92c2ee6ba8a87b5da9009ffd5208a4bda,2c6d6a597c6b1b321c4f632291c22dfe5788a058fe82fd65114a5a59d5d0be83,3a365f5dd3e9d410585a34695bb444d67b220c4b40a9348288a540078bc27f75
spatial,M2,False,landsat-9,22825,24,71,0.891431790319802,1.2218639007536132,0.03907235584437825,0.8637019415943822,0.8668758692274954,24,0,3b188221263ad4673846ce5170fa622b5395e51a4aaa750114e1793d3986975b,55416c987a2d25f9177dd974307ae595761c1db31ecaa9d7561fb6c42d4d5e7c,00d1e59ce78baffbf9d24361ac8ba16a1d577b22cb193e15596627259190ed07,0c06b88fd09cd514745b699e6b6a7e12901db8d3247e42b582feaf1f7e91c04a,1eafe424a4c718d6a3b18cff938036f958858c70b344740788993b119bfbb04b,9c2f903993167fc2a228b3cfe60a23fe33f57f252bae6299458338cb8eb967ad,3f630dfcc8a1c2a19b093e7fe0f4bdc7f830fef42266fcf1156112f0eb959046,11f4fe862570895441036964a9b308e92c2ee6ba8a87b5da9009ffd5208a4bda,2c6d6a597c6b1b321c4f632291c22dfe5788a058fe82fd65114a5a59d5d0be83,3a365f5dd3e9d410585a34695bb444d67b220c4b40a9348288a540078bc27f75
joint,B0,False,landsat-8,40578,41,71,2.969410533297369,3.614693907296602,0.29401556753406005,-0.6491996149439565,-0.7060096041506982,41,0,3b188221263ad4673846ce5170fa622b5395e51a4aaa750114e1793d3986975b,55416c987a2d25f9177dd974307ae595761c1db31ecaa9d7561fb6c42d4d5e7c,00d1e59ce78baffbf9d24361ac8ba16a1d577b22cb193e15596627259190ed07,0c06b88fd09cd514745b699e6b6a7e12901db8d3247e42b582feaf1f7e91c04a,1eafe424a4c718d6a3b18cff938036f958858c70b344740788993b119bfbb04b,9c2f903993167fc2a228b3cfe60a23fe33f57f252bae6299458338cb8eb967ad,3f630dfcc8a1c2a19b093e7fe0f4bdc7f830fef42266fcf1156112f0eb959046,11f4fe862570895441036964a9b308e92c2ee6ba8a87b5da9009ffd5208a4bda,2c6d6a597c6b1b321c4f632291c22dfe5788a058fe82fd65114a5a59d5d0be83,3a365f5dd3e9d410585a34695bb444d67b220c4b40a9348288a540078bc27f75
joint,B0,False,landsat-9,22825,24,71,3.5890663814630757,4.177200246712448,-0.6583854904797825,-0.635697152699334,-0.6882657674446822,24,0,3b188221263ad4673846ce5170fa622b5395e51a4aaa750114e1793d3986975b,55416c987a2d25f9177dd974307ae595761c1db31ecaa9d7561fb6c42d4d5e7c,00d1e59ce78baffbf9d24361ac8ba16a1d577b22cb193e15596627259190ed07,0c06b88fd09cd514745b699e6b6a7e12901db8d3247e42b582feaf1f7e91c04a,1eafe424a4c718d6a3b18cff938036f958858c70b344740788993b119bfbb04b,9c2f903993167fc2a228b3cfe60a23fe33f57f252bae6299458338cb8eb967ad,3f630dfcc8a1c2a19b093e7fe0f4bdc7f830fef42266fcf1156112f0eb959046,11f4fe862570895441036964a9b308e92c2ee6ba8a87b5da9009ffd5208a4bda,2c6d6a597c6b1b321c4f632291c22dfe5788a058fe82fd65114a5a59d5d0be83,3a365f5dd3e9d410585a34695bb444d67b220c4b40a9348288a540078bc27f75
joint,B1,True,landsat-8,40578,41,71,2.4059138608319546,2.9686556851181694,-0.06968212807259432,0.3306907245431673,0.3501672281438112,41,0,3b188221263ad4673846ce5170fa622b5395e51a4aaa750114e1793d3986975b,55416c987a2d25f9177dd974307ae595761c1db31ecaa9d7561fb6c42d4d5e7c,00d1e59ce78baffbf9d24361ac8ba16a1d577b22cb193e15596627259190ed07,0c06b88fd09cd514745b699e6b6a7e12901db8d3247e42b582feaf1f7e91c04a,1eafe424a4c718d6a3b18cff938036f958858c70b344740788993b119bfbb04b,9c2f903993167fc2a228b3cfe60a23fe33f57f252bae6299458338cb8eb967ad,3f630dfcc8a1c2a19b093e7fe0f4bdc7f830fef42266fcf1156112f0eb959046,11f4fe862570895441036964a9b308e92c2ee6ba8a87b5da9009ffd5208a4bda,2c6d6a597c6b1b321c4f632291c22dfe5788a058fe82fd65114a5a59d5d0be83,3a365f5dd3e9d410585a34695bb444d67b220c4b40a9348288a540078bc27f75
joint,B1,True,landsat-9,22825,24,71,2.704446797675575,3.2629890133271844,0.15329307830362646,0.37823618026114675,0.4011507823598579,24,0,3b188221263ad4673846ce5170fa622b5395e51a4aaa750114e1793d3986975b,55416c987a2d25f9177dd974307ae595761c1db31ecaa9d7561fb6c42d4d5e7c,00d1e59ce78baffbf9d24361ac8ba16a1d577b22cb193e15596627259190ed07,0c06b88fd09cd514745b699e6b6a7e12901db8d3247e42b582feaf1f7e91c04a,1eafe424a4c718d6a3b18cff938036f958858c70b344740788993b119bfbb04b,9c2f903993167fc2a228b3cfe60a23fe33f57f252bae6299458338cb8eb967ad,3f630dfcc8a1c2a19b093e7fe0f4bdc7f830fef42266fcf1156112f0eb959046,11f4fe862570895441036964a9b308e92c2ee6ba8a87b5da9009ffd5208a4bda,2c6d6a597c6b1b321c4f632291c22dfe5788a058fe82fd65114a5a59d5d0be83,3a365f5dd3e9d410585a34695bb444d67b220c4b40a9348288a540078bc27f75
joint,B2,False,landsat-8,40578,41,71,2.6182779512150867,3.032544326694711,0.25647014671728674,0.6728092299492423,0.7294453499845228,41,0,3b188221263ad4673846ce5170fa622b5395e51a4aaa750114e1793d3986975b,55416c987a2d25f9177dd974307ae595761c1db31ecaa9d7561fb6c42d4d5e7c,00d1e59ce78baffbf9d24361ac8ba16a1d577b22cb193e15596627259190ed07,0c06b88fd09cd514745b699e6b6a7e12901db8d3247e42b582feaf1f7e91c04a,1eafe424a4c718d6a3b18cff938036f958858c70b344740788993b119bfbb04b,9c2f903993167fc2a228b3cfe60a23fe33f57f252bae6299458338cb8eb967ad,3f630dfcc8a1c2a19b093e7fe0f4bdc7f830fef42266fcf1156112f0eb959046,11f4fe862570895441036964a9b308e92c2ee6ba8a87b5da9009ffd5208a4bda,2c6d6a597c6b1b321c4f632291c22dfe5788a058fe82fd65114a5a59d5d0be83,3a365f5dd3e9d410585a34695bb444d67b220c4b40a9348288a540078bc27f75
joint,B2,False,landsat-9,22825,24,71,3.2966444612711903,3.672365895217417,-0.6485482500078121,0.6737800868593831,0.7137541756628965,24,0,3b188221263ad4673846ce5170fa622b5395e51a4aaa750114e1793d3986975b,55416c987a2d25f9177dd974307ae595761c1db31ecaa9d7561fb6c42d4d5e7c,00d1e59ce78baffbf9d24361ac8ba16a1d577b22cb193e15596627259190ed07,0c06b88fd09cd514745b699e6b6a7e12901db8d3247e42b582feaf1f7e91c04a,1eafe424a4c718d6a3b18cff938036f958858c70b344740788993b119bfbb04b,9c2f903993167fc2a228b3cfe60a23fe33f57f252bae6299458338cb8eb967ad,3f630dfcc8a1c2a19b093e7fe0f4bdc7f830fef42266fcf1156112f0eb959046,11f4fe862570895441036964a9b308e92c2ee6ba8a87b5da9009ffd5208a4bda,2c6d6a597c6b1b321c4f632291c22dfe5788a058fe82fd65114a5a59d5d0be83,3a365f5dd3e9d410585a34695bb444d67b220c4b40a9348288a540078bc27f75
joint,M1,False,landsat-8,40578,41,71,1.9515653551753633,2.3080095520531128,-0.029120351197798232,0.7343054001565492,0.7707586060690148,41,0,3b188221263ad4673846ce5170fa622b5395e51a4aaa750114e1793d3986975b,55416c987a2d25f9177dd974307ae595761c1db31ecaa9d7561fb6c42d4d5e7c,00d1e59ce78baffbf9d24361ac8ba16a1d577b22cb193e15596627259190ed07,0c06b88fd09cd514745b699e6b6a7e12901db8d3247e42b582feaf1f7e91c04a,1eafe424a4c718d6a3b18cff938036f958858c70b344740788993b119bfbb04b,9c2f903993167fc2a228b3cfe60a23fe33f57f252bae6299458338cb8eb967ad,3f630dfcc8a1c2a19b093e7fe0f4bdc7f830fef42266fcf1156112f0eb959046,11f4fe862570895441036964a9b308e92c2ee6ba8a87b5da9009ffd5208a4bda,2c6d6a597c6b1b321c4f632291c22dfe5788a058fe82fd65114a5a59d5d0be83,3a365f5dd3e9d410585a34695bb444d67b220c4b40a9348288a540078bc27f75
joint,M1,False,landsat-9,22825,24,71,2.421542832055889,2.7633271177576924,0.03199123852201039,0.7732530749287614,0.7824869920535842,24,0,3b188221263ad4673846ce5170fa622b5395e51a4aaa750114e1793d3986975b,55416c987a2d25f9177dd974307ae595761c1db31ecaa9d7561fb6c42d4d5e7c,00d1e59ce78baffbf9d24361ac8ba16a1d577b22cb193e15596627259190ed07,0c06b88fd09cd514745b699e6b6a7e12901db8d3247e42b582feaf1f7e91c04a,1eafe424a4c718d6a3b18cff938036f958858c70b344740788993b119bfbb04b,9c2f903993167fc2a228b3cfe60a23fe33f57f252bae6299458338cb8eb967ad,3f630dfcc8a1c2a19b093e7fe0f4bdc7f830fef42266fcf1156112f0eb959046,11f4fe862570895441036964a9b308e92c2ee6ba8a87b5da9009ffd5208a4bda,2c6d6a597c6b1b321c4f632291c22dfe5788a058fe82fd65114a5a59d5d0be83,3a365f5dd3e9d410585a34695bb444d67b220c4b40a9348288a540078bc27f75
joint,M2,True,landsat-8,40578,41,71,2.053245473319989,2.3808770612127184,0.22629901512477954,0.7671567251856259,0.7907925604897894,41,0,3b188221263ad4673846ce5170fa622b5395e51a4aaa750114e1793d3986975b,55416c987a2d25f9177dd974307ae595761c1db31ecaa9d7561fb6c42d4d5e7c,00d1e59ce78baffbf9d24361ac8ba16a1d577b22cb193e15596627259190ed07,0c06b88fd09cd514745b699e6b6a7e12901db8d3247e42b582feaf1f7e91c04a,1eafe424a4c718d6a3b18cff938036f958858c70b344740788993b119bfbb04b,9c2f903993167fc2a228b3cfe60a23fe33f57f252bae6299458338cb8eb967ad,3f630dfcc8a1c2a19b093e7fe0f4bdc7f830fef42266fcf1156112f0eb959046,11f4fe862570895441036964a9b308e92c2ee6ba8a87b5da9009ffd5208a4bda,2c6d6a597c6b1b321c4f632291c22dfe5788a058fe82fd65114a5a59d5d0be83,3a365f5dd3e9d410585a34695bb444d67b220c4b40a9348288a540078bc27f75
joint,M2,True,landsat-9,22825,24,71,2.2036729242725754,2.5759804746889734,-0.17461725657360908,0.7572355420899859,0.8029008273098011,24,0,3b188221263ad4673846ce5170fa622b5395e51a4aaa750114e1793d3986975b,55416c987a2d25f9177dd974307ae595761c1db31ecaa9d7561fb6c42d4d5e7c,00d1e59ce78baffbf9d24361ac8ba16a1d577b22cb193e15596627259190ed07,0c06b88fd09cd514745b699e6b6a7e12901db8d3247e42b582feaf1f7e91c04a,1eafe424a4c718d6a3b18cff938036f958858c70b344740788993b119bfbb04b,9c2f903993167fc2a228b3cfe60a23fe33f57f252bae6299458338cb8eb967ad,3f630dfcc8a1c2a19b093e7fe0f4bdc7f830fef42266fcf1156112f0eb959046,11f4fe862570895441036964a9b308e92c2ee6ba8a87b5da9009ffd5208a4bda,2c6d6a597c6b1b321c4f632291c22dfe5788a058fe82fd65114a5a59d5d0be83,3a365f5dd3e9d410585a34695bb444d67b220c4b40a9348288a540078bc27f75
