family,model_id,focus_joint_b1_or_m2,sentinel_stratum,tract_date_row_count,independent_date_count,independent_spatial_block_count,equal_date_weighted_mae_c,equal_date_weighted_rmse_c,equal_date_weighted_mean_signed_error_c,mean_per_date_spearman,median_per_date_spearman,spearman_defined_date_count,spearman_undefined_date_count,pooled_rmse_c,pooled_mean_signed_error_c,analysis_config_semantic_sha256,compile_provenance_file_sha256,compile_provenance_commit_sha256,oof_predictions_sha256,model_dataset_provenance_file_sha256,model_dataset_commit_sha256,target_progress_sha256,model_ready_target_sha256,date_summary_sha256,development_model_table_sha256
temporal,B0,False,sentinel_all_five_missing,168,12,29,4.496759075598175,4.6694939164371165,-0.6589770318383344,,,0,12,4.0387591248814925,1.3503424631424619,3b188221263ad4673846ce5170fa622b5395e51a4aaa750114e1793d3986975b,55416c987a2d25f9177dd974307ae595761c1db31ecaa9d7561fb6c42d4d5e7c,00d1e59ce78baffbf9d24361ac8ba16a1d577b22cb193e15596627259190ed07,0c06b88fd09cd514745b699e6b6a7e12901db8d3247e42b582feaf1f7e91c04a,1eafe424a4c718d6a3b18cff938036f958858c70b344740788993b119bfbb04b,9c2f903993167fc2a228b3cfe60a23fe33f57f252bae6299458338cb8eb967ad,3f630dfcc8a1c2a19b093e7fe0f4bdc7f830fef42266fcf1156112f0eb959046,11f4fe862570895441036964a9b308e92c2ee6ba8a87b5da9009ffd5208a4bda,2c6d6a597c6b1b321c4f632291c22dfe5788a058fe82fd65114a5a59d5d0be83,3a365f5dd3e9d410585a34695bb444d67b220c4b40a9348288a540078bc27f75
temporal,B0,False,sentinel_complete,63235,65,71,3.1606412697138944,3.7729031741878805,-0.04788592307852458,-0.022964492506158066,-0.022964492506158066,1,64,4.219908188747499,-0.185306949891268,3b188221263ad4673846ce5170fa622b5395e51a4aaa750114e1793d3986975b,55416c987a2d25f9177dd974307ae595761c1db31ecaa9d7561fb6c42d4d5e7c,00d1e59ce78baffbf9d24361ac8ba16a1d577b22cb193e15596627259190ed07,0c06b88fd09cd514745b699e6b6a7e12901db8d3247e42b582feaf1f7e91c04a,1eafe424a4c718d6a3b18cff938036f958858c70b344740788993b119bfbb04b,9c2f903993167fc2a228b3cfe60a23fe33f57f252bae6299458338cb8eb967ad,3f630dfcc8a1c2a19b093e7fe0f4bdc7f830fef42266fcf1156112f0eb959046,11f4fe862570895441036964a9b308e92c2ee6ba8a87b5da9009ffd5208a4bda,2c6d6a597c6b1b321c4f632291c22dfe5788a058fe82fd65114a5a59d5d0be83,3a365f5dd3e9d410585a34695bb444d67b220c4b40a9348288a540078bc27f75
temporal,B1,False,sentinel_all_five_missing,168,12,29,2.9186584151932067,3.0840518165755584,-1.6644444057732113,0.5662106916250783,0.7142857142857143,9,3,2.835558759968575,-1.1639072299461797,3b188221263ad4673846ce5170fa622b5395e51a4aaa750114e1793d3986975b,55416c987a2d25f9177dd974307ae595761c1db31ecaa9d7561fb6c42d4d5e7c,00d1e59ce78baffbf9d24361ac8ba16a1d577b22cb193e15596627259190ed07,0c06b88fd09cd514745b699e6b6a7e12901db8d3247e42b582feaf1f7e91c04a,1eafe424a4c718d6a3b18cff938036f958858c70b344740788993b119bfbb04b,9c2f903993167fc2a228b3cfe60a23fe33f57f252bae6299458338cb8eb967ad,3f630dfcc8a1c2a19b093e7fe0f4bdc7f830fef42266fcf1156112f0eb959046,11f4fe862570895441036964a9b308e92c2ee6ba8a87b5da9009ffd5208a4bda,2c6d6a597c6b1b321c4f632291c22dfe5788a058fe82fd65114a5a59d5d0be83,3a365f5dd3e9d410585a34695bb444d67b220c4b40a9348288a540078bc27f75
temporal,B1,False,sentinel_complete,63235,65,71,2.4585874178975122,3.003974706367791,0.085669332590708,0.42274323111668777,0.49100506926620857,65,0,3.164619123319124,-0.02349368270066011,3b188221263ad4673846ce5170fa622b5395e51a4aaa750114e1793d3986975b,55416c987a2d25f9177dd974307ae595761c1db31ecaa9d7561fb6c42d4d5e7c,00d1e59ce78baffbf9d24361ac8ba16a1d577b22cb193e15596627259190ed07,0c06b88fd09cd514745b699e6b6a7e12901db8d3247e42b582feaf1f7e91c04a,1eafe424a4c718d6a3b18cff938036f958858c70b344740788993b119bfbb04b,9c2f903993167fc2a228b3cfe60a23fe33f57f252bae6299458338cb8eb967ad,3f630dfcc8a1c2a19b093e7fe0f4bdc7f830fef42266fcf1156112f0eb959046,11f4fe862570895441036964a9b308e92c2ee6ba8a87b5da9009ffd5208a4bda,2c6d6a597c6b1b321c4f632291c22dfe5788a058fe82fd65114a5a59d5d0be83,3a365f5dd3e9d410585a34695bb444d67b220c4b40a9348288a540078bc27f75
temporal,B2,False,sentinel_all_five_missing,168,12,29,3.077527846564347,3.232796021423869,-0.10980097370725284,0.7576260097344191,0.7669857359614195,9,3,3.123210909477677,1.439068924739366,3b188221263ad4673846ce5170fa622b5395e51a4aaa750114e1793d3986975b,55416c987a2d25f9177dd974307ae595761c1db31ecaa9d7561fb6c42d4d5e7c,00d1e59ce78baffbf9d24361ac8ba16a1d577b22cb193e15596627259190ed07,0c06b88fd09cd514745b699e6b6a7e12901db8d3247e42b582feaf1f7e91c04a,1eafe424a4c718d6a3b18cff938036f958858c70b344740788993b119bfbb04b,9c2f903993167fc2a228b3cfe60a23fe33f57f252bae6299458338cb8eb967ad,3f630dfcc8a1c2a19b093e7fe0f4bdc7f830fef42266fcf1156112f0eb959046,11f4fe862570895441036964a9b308e92c2ee6ba8a87b5da9009ffd5208a4bda,2c6d6a597c6b1b321c4f632291c22dfe5788a058fe82fd65114a5a59d5d0be83,3a365f5dd3e9d410585a34695bb444d67b220c4b40a9348288a540078bc27f75
temporal,B2,False,sentinel_complete,63235,65,71,2.8196400365653553,3.185356789762313,-0.052349082905421424,0.7204885313901167,0.7761214206525573,65,0,3.773445070558334,-0.21314166001023208,3b188221263ad4673846ce5170fa622b5395e51a4aaa750114e1793d3986975b,55416c987a2d25f9177dd974307ae595761c1db31ecaa9d7561fb6c42d4d5e7c,00d1e59ce78baffbf9d24361ac8ba16a1d577b22cb193e15596627259190ed07,0c06b88fd09cd514745b699e6b6a7e12901db8d3247e42b582feaf1f7e91c04a,1eafe424a4c718d6a3b18cff938036f958858c70b344740788993b119bfbb04b,9c2f903993167fc2a228b3cfe60a23fe33f57f252bae6299458338cb8eb967ad,3f630dfcc8a1c2a19b093e7fe0f4bdc7f830fef42266fcf1156112f0eb959046,11f4fe862570895441036964a9b308e92c2ee6ba8a87b5da9009ffd5208a4bda,2c6d6a597c6b1b321c4f632291c22dfe5788a058fe82fd65114a5a59d5d0be83,3a365f5dd3e9d410585a34695bb444d67b220c4b40a9348288a540078bc27f75
temporal,M1,False,sentinel_all_five_missing,168,12,29,2.269990900066889,2.4445152250952042,-0.9984684195943615,0.656770427105341,0.7758241758241758,9,3,2.226179001889523,-0.5042537807033233,3b188221263ad4673846ce5170fa622b5395e51a4aaa750114e1793d3986975b,55416c987a2d25f9177dd974307ae595761c1db31ecaa9d7561fb6c42d4d5e7c,00d1e59ce78baffbf9d24361ac8ba16a1d577b22cb193e15596627259190ed07,0c06b88fd09cd514745b699e6b6a7e12901db8d3247e42b582feaf1f7e91c04a,1eafe424a4c718d6a3b18cff938036f958858c70b344740788993b119bfbb04b,9c2f903993167fc2a228b3cfe60a23fe33f57f252bae6299458338cb8eb967ad,3f630dfcc8a1c2a19b093e7fe0f4bdc7f830fef42266fcf1156112f0eb959046,11f4fe862570895441036964a9b308e92c2ee6ba8a87b5da9009ffd5208a4bda,2c6d6a597c6b1b321c4f632291c22dfe5788a058fe82fd65114a5a59d5d0be83,3a365f5dd3e9d410585a34695bb444d67b220c4b40a9348288a540078bc27f75
temporal,M1,False,sentinel_complete,63235,65,71,2.0488812679847324,2.3663196763073926,0.010148154464700273,0.7810823791823295,0.807458940187256,65,0,2.627376270975954,-0.10118834894884444,3b188221263ad4673846ce5170fa622b5395e51a4aaa750114e1793d3986975b,55416c987a2d25f9177dd974307ae595761c1db31ecaa9d7561fb6c42d4d5e7c,00d1e59ce78baffbf9d24361ac8ba16a1d577b22cb193e15596627259190ed07,0c06b88fd09cd514745b699e6b6a7e12901db8d3247e42b582feaf1f7e91c04a,1eafe424a4c718d6a3b18cff938036f958858c70b344740788993b119bfbb04b,9c2f903993167fc2a228b3cfe60a23fe33f57f252bae6299458338cb8eb967ad,3f630dfcc8a1c2a19b093e7fe0f4bdc7f830fef42266fcf1156112f0eb959046,11f4fe862570895441036964a9b308e92c2ee6ba8a87b5da9009ffd5208a4bda,2c6d6a597c6b1b321c4f632291c22dfe5788a058fe82fd65114a5a59d5d0be83,3a365f5dd3e9d410585a34695bb444d67b220c4b40a9348288a540078bc27f75
temporal,M2,False,sentinel_all_five_missing,168,12,29,2.3725399386384933,2.515388791397108,0.6438124370996964,0.8528032062278283,0.8285714285714287,9,3,2.450494515240224,0.7203218595919869,3b188221263ad4673846ce5170fa622b5395e51a4aaa750114e1793d3986975b,55416c987a2d25f9177dd974307ae595761c1db31ecaa9d7561fb6c42d4d5e7c,00d1e59ce78baffbf9d24361ac8ba16a1d577b22cb193e15596627259190ed07,0c06b88fd09cd514745b699e6b6a7e12901db8d3247e42b582feaf1f7e91c04a,1eafe424a4c718d6a3b18cff938036f958858c70b344740788993b119bfbb04b,9c2f903993167fc2a228b3cfe60a23fe33f57f252bae6299458338cb8eb967ad,3f630dfcc8a1c2a19b093e7fe0f4bdc7f830fef42266fcf1156112f0eb959046,11f4fe862570895441036964a9b308e92c2ee6ba8a87b5da9009ffd5208a4bda,2c6d6a597c6b1b321c4f632291c22dfe5788a058fe82fd65114a5a59d5d0be83,3a365f5dd3e9d410585a34695bb444d67b220c4b40a9348288a540078bc27f75
temporal,M2,False,sentinel_complete,63235,65,71,1.96180818974531,2.24393043952326,0.07713622898772984,0.8400349533683082,0.8832969088373077,65,0,2.6340373604687555,-0.039879121449615,3b188221263ad4673846ce5170fa622b5395e51a4aaa750114e1793d3986975b,55416c987a2d25f9177dd974307ae595761c1db31ecaa9d7561fb6c42d4d5e7c,00d1e59ce78baffbf9d24361ac8ba16a1d577b22cb193e15596627259190ed07,0c06b88fd09cd514745b699e6b6a7e12901db8d3247e42b582feaf1f7e91c04a,1eafe424a4c718d6a3b18cff938036f958858c70b344740788993b119bfbb04b,9c2f903993167fc2a228b3cfe60a23fe33f57f252bae6299458338cb8eb967ad,3f630dfcc8a1c2a19b093e7fe0f4bdc7f830fef42266fcf1156112f0eb959046,11f4fe862570895441036964a9b308e92c2ee6ba8a87b5da9009ffd5208a4bda,2c6d6a597c6b1b321c4f632291c22dfe5788a058fe82fd65114a5a59d5d0be83,3a365f5dd3e9d410585a34695bb444d67b220c4b40a9348288a540078bc27f75
spatial,B0,False,sentinel_all_five_missing,168,12,29,4.417791548691036,4.591458681801804,-0.7543735724313742,-0.3901240183447431,-0.4948336495171843,8,4,3.919791334288415,1.248658393442424,3b188221263ad4673846ce5170fa622b5395e51a4aaa750114e1793d3986975b,55416c987a2d25f9177dd974307ae595761c1db31ecaa9d7561fb6c42d4d5e7c,00d1e59ce78baffbf9d24361ac8ba16a1d577b22cb193e15596627259190ed07,0c06b88fd09cd514745b699e6b6a7e12901db8d3247e42b582feaf1f7e91c04a,1eafe424a4c718d6a3b18cff938036f958858c70b344740788993b119bfbb04b,9c2f903993167fc2a228b3cfe60a23fe33f57f252bae6299458338cb8eb967ad,3f630dfcc8a1c2a19b093e7fe0f4bdc7f830fef42266fcf1156112f0eb959046,11f4fe862570895441036964a9b308e92c2ee6ba8a87b5da9009ffd5208a4bda,2c6d6a597c6b1b321c4f632291c22dfe5788a058fe82fd65114a5a59d5d0be83,3a365f5dd3e9d410585a34695bb444d67b220c4b40a9348288a540078bc27f75
spatial,B0,False,sentinel_complete,63235,65,71,3.0583280547319127,3.6867995744050415,-0.005080915304252222,-0.6644998919019272,-0.7117702097151521,65,0,4.100376061464268,-0.13318468988100732,3b188221263ad4673846ce5170fa622b5395e51a4aaa750114e1793d3986975b,55416c987a2d25f9177dd974307ae595761c1db31ecaa9d7561fb6c42d4d5e7c,00d1e59ce78baffbf9d24361ac8ba16a1d577b22cb193e15596627259190ed07,0c06b88fd09cd514745b699e6b6a7e12901db8d3247e42b582feaf1f7e91c04a,1eafe424a4c718d6a3b18cff938036f958858c70b344740788993b119bfbb04b,9c2f903993167fc2a228b3cfe60a23fe33f57f252bae6299458338cb8eb967ad,3f630dfcc8a1c2a19b093e7fe0f4bdc7f830fef42266fcf1156112f0eb959046,11f4fe862570895441036964a9b308e92c2ee6ba8a87b5da9009ffd5208a4bda,2c6d6a597c6b1b321c4f632291c22dfe5788a058fe82fd65114a5a59d5d0be83,3a365f5dd3e9d410585a34695bb444d67b220c4b40a9348288a540078bc27f75
spatial,B1,False,sentinel_all_five_missing,168,12,29,2.7333383747863125,2.903502165741308,-1.3955269253525084,0.5842992903663082,0.7142857142857143,9,3,2.7408749148648646,-1.2686376384385503,3b188221263ad4673846ce5170fa622b5395e51a4aaa750114e1793d3986975b,55416c987a2d25f9177dd974307ae595761c1db31ecaa9d7561fb6c42d4d5e7c,00d1e59ce78baffbf9d24361ac8ba16a1d577b22cb193e15596627259190ed07,0c06b88fd09cd514745b699e6b6a7e12901db8d3247e42b582feaf1f7e91c04a,1eafe424a4c718d6a3b18cff938036f958858c70b344740788993b119bfbb04b,9c2f903993167fc2a228b3cfe60a23fe33f57f252bae6299458338cb8eb967ad,3f630dfcc8a1c2a19b093e7fe0f4bdc7f830fef42266fcf1156112f0eb959046,11f4fe862570895441036964a9b308e92c2ee6ba8a87b5da9009ffd5208a4bda,2c6d6a597c6b1b321c4f632291c22dfe5788a058fe82fd65114a5a59d5d0be83,3a365f5dd3e9d410585a34695bb444d67b220c4b40a9348288a540078bc27f75
spatial,B1,False,sentinel_complete,63235,65,71,2.176879810781798,2.7084317739583708,-0.0211325912858623,0.39975227054946855,0.43822876570810587,65,0,2.834531523530529,-0.08619902355859906,3b188221263ad4673846ce5170fa622b5395e51a4aaa750114e1793d3986975b,55416c987a2d25f9177dd974307ae595761c1db31ecaa9d7561fb6c42d4d5e7c,00d1e59ce78baffbf9d24361ac8ba16a1d577b22cb193e15596627259190ed07,0c06b88fd09cd514745b699e6b6a7e12901db8d3247e42b582feaf1f7e91c04a,1eafe424a4c718d6a3b18cff938036f958858c70b344740788993b119bfbb04b,9c2f903993167fc2a228b3cfe60a23fe33f57f252bae6299458338cb8eb967ad,3f630dfcc8a1c2a19b093e7fe0f4bdc7f830fef42266fcf1156112f0eb959046,11f4fe862570895441036964a9b308e92c2ee6ba8a87b5da9009ffd5208a4bda,2c6d6a597c6b1b321c4f632291c22dfe5788a058fe82fd65114a5a59d5d0be83,3a365f5dd3e9d410585a34695bb444d67b220c4b40a9348288a540078bc27f75
spatial,B2,False,sentinel_all_five_missing,168,12,29,2.9402722410214985,3.120451355621032,-0.264904388388597,0.7369145626954645,0.7846153846153847,9,3,3.010530877722152,1.3540295403645612,3b188221263ad4673846ce5170fa622b5395e51a4aaa750114e1793d3986975b,55416c987a2d25f9177dd974307ae595761c1db31ecaa9d7561fb6c42d4d5e7c,00d1e59ce78baffbf9d24361ac8ba16a1d577b22cb193e15596627259190ed07,0c06b88fd09cd514745b699e6b6a7e12901db8d3247e42b582feaf1f7e91c04a,1eafe424a4c718d6a3b18cff938036f958858c70b344740788993b119bfbb04b,9c2f903993167fc2a228b3cfe60a23fe33f57f252bae6299458338cb8eb967ad,3f630dfcc8a1c2a19b093e7fe0f4bdc7f830fef42266fcf1156112f0eb959046,11f4fe862570895441036964a9b308e92c2ee6ba8a87b5da9009ffd5208a4bda,2c6d6a597c6b1b321c4f632291c22dfe5788a058fe82fd65114a5a59d5d0be83,3a365f5dd3e9d410585a34695bb444d67b220c4b40a9348288a540078bc27f75
spatial,B2,False,sentinel_complete,63235,65,71,2.713049117993173,3.1021292352604104,-0.006951300597794947,0.6995414832730634,0.7484361423408795,65,0,3.638805033594747,-0.1564294106704368,3b188221263ad4673846ce5170fa622b5395e51a4aaa750114e1793d3986975b,55416c987a2d25f9177dd974307ae595761c1db31ecaa9d7561fb6c42d4d5e7c,00d1e59ce78baffbf9d24361ac8ba16a1d577b22cb193e15596627259190ed07,0c06b88fd09cd514745b699e6b6a7e12901db8d3247e42b582feaf1f7e91c04a,1eafe424a4c718d6a3b18cff938036f958858c70b344740788993b119bfbb04b,9c2f903993167fc2a228b3cfe60a23fe33f57f252bae6299458338cb8eb967ad,3f630dfcc8a1c2a19b093e7fe0f4bdc7f830fef42266fcf1156112f0eb959046,11f4fe862570895441036964a9b308e92c2ee6ba8a87b5da9009ffd5208a4bda,2c6d6a597c6b1b321c4f632291c22dfe5788a058fe82fd65114a5a59d5d0be83,3a365f5dd3e9d410585a34695bb444d67b220c4b40a9348288a540078bc27f75
spatial,M1,False,sentinel_all_five_missing,168,12,29,1.9680307119920404,2.1328327389044106,-1.0044369393227803,0.7614985285974565,0.7890109890109891,9,3,2.002532078055673,-0.5110480632736406,3b188221263ad4673846ce5170fa622b5395e51a4aaa750114e1793d3986975b,55416c987a2d25f9177dd974307ae595761c1db31ecaa9d7561fb6c42d4d5e7c,00d1e59ce78baffbf9d24361ac8ba16a1d577b22cb193e15596627259190ed07,0c06b88fd09cd514745b699e6b6a7e12901db8d3247e42b582feaf1f7e91c04a,1eafe424a4c718d6a3b18cff938036f958858c70b344740788993b119bfbb04b,9c2f903993167fc2a228b3cfe60a23fe33f57f252bae6299458338cb8eb967ad,3f630dfcc8a1c2a19b093e7fe0f4bdc7f830fef42266fcf1156112f0eb959046,11f4fe862570895441036964a9b308e92c2ee6ba8a87b5da9009ffd5208a4bda,2c6d6a597c6b1b321c4f632291c22dfe5788a058fe82fd65114a5a59d5d0be83,3a365f5dd3e9d410585a34695bb444d67b220c4b40a9348288a540078bc27f75
spatial,M1,False,sentinel_complete,63235,65,71,1.683852553286097,2.021739695558856,-0.01132988234204605,0.7768834031902304,0.8031197064118205,65,0,2.1940986985996136,-0.08185690471893375,3b188221263ad4673846ce5170fa622b5395e51a4aaa750114e1793d3986975b,55416c987a2d25f9177dd974307ae595761c1db31ecaa9d7561fb6c42d4d5e7c,00d1e59ce78baffbf9d24361ac8ba16a1d577b22cb193e15596627259190ed07,0c06b88fd09cd514745b699e6b6a7e12901db8d3247e42b582feaf1f7e91c04a,1eafe424a4c718d6a3b18cff938036f958858c70b344740788993b119bfbb04b,9c2f903993167fc2a228b3cfe60a23fe33f57f252bae6299458338cb8eb967ad,3f630dfcc8a1c2a19b093e7fe0f4bdc7f830fef42266fcf1156112f0eb959046,11f4fe862570895441036964a9b308e92c2ee6ba8a87b5da9009ffd5208a4bda,2c6d6a597c6b1b321c4f632291c22dfe5788a058fe82fd65114a5a59d5d0be83,3a365f5dd3e9d410585a34695bb444d67b220c4b40a9348288a540078bc27f75
spatial,M2,False,sentinel_all_five_missing,168,12,29,1.3346984761053406,1.5376383285349673,0.2866101444819141,0.6410067773668371,0.7978021978021977,9,3,1.6699295206607532,0.5375665858196935,3b188221263ad4673846ce5170fa622b5395e51a4aaa750114e1793d3986975b,55416c987a2d25f9177dd974307ae595761c1db31ecaa9d7561fb6c42d4d5e7c,00d1e59ce78baffbf9d24361ac8ba16a1d577b22cb193e15596627259190ed07,0c06b88fd09cd514745b699e6b6a7e12901db8d3247e42b582feaf1f7e91c04a,1eafe424a4c718d6a3b18cff938036f958858c70b344740788993b119bfbb04b,9c2f903993167fc2a228b3cfe60a23fe33f57f252bae6299458338cb8eb967ad,3f630dfcc8a1c2a19b093e7fe0f4bdc7f830fef42266fcf1156112f0eb959046,11f4fe862570895441036964a9b308e92c2ee6ba8a87b5da9009ffd5208a4bda,2c6d6a597c6b1b321c4f632291c22dfe5788a058fe82fd65114a5a59d5d0be83,3a365f5dd3e9d410585a34695bb444d67b220c4b40a9348288a540078bc27f75
spatial,M2,False,sentinel_complete,63235,65,71,0.8412029553966601,1.138965337509901,0.004365055848572626,0.8754282344177308,0.8805509199147646,65,0,1.1774932897490558,-0.005906463669772015,3b188221263ad4673846ce5170fa622b5395e51a4aaa750114e1793d3986975b,55416c987a2d25f9177dd974307ae595761c1db31ecaa9d7561fb6c42d4d5e7c,00d1e59ce78baffbf9d24361ac8ba16a1d577b22cb193e15596627259190ed07,0c06b88fd09cd514745b699e6b6a7e12901db8d3247e42b582feaf1f7e91c04a,1eafe424a4c718d6a3b18cff938036f958858c70b344740788993b119bfbb04b,9c2f903993167fc2a228b3cfe60a23fe33f57f252bae6299458338cb8eb967ad,3f630dfcc8a1c2a19b093e7fe0f4bdc7f830fef42266fcf1156112f0eb959046,11f4fe862570895441036964a9b308e92c2ee6ba8a87b5da9009ffd5208a4bda,2c6d6a597c6b1b321c4f632291c22dfe5788a058fe82fd65114a5a59d5d0be83,3a365f5dd3e9d410585a34695bb444d67b220c4b40a9348288a540078bc27f75
joint,B0,False,sentinel_all_five_missing,168,12,29,4.537980621152832,4.711119936182757,-0.6775449053341727,-0.33417408509387686,-0.41704458415546075,8,4,4.087187624375503,1.3630087471349643,3b188221263ad4673846ce5170fa622b5395e51a4aaa750114e1793d3986975b,55416c987a2d25f9177dd974307ae595761c1db31ecaa9d7561fb6c42d4d5e7c,00d1e59ce78baffbf9d24361ac8ba16a1d577b22cb193e15596627259190ed07,0c06b88fd09cd514745b699e6b6a7e12901db8d3247e42b582feaf1f7e91c04a,1eafe424a4c718d6a3b18cff938036f958858c70b344740788993b119bfbb04b,9c2f903993167fc2a228b3cfe60a23fe33f57f252bae6299458338cb8eb967ad,3f630dfcc8a1c2a19b093e7fe0f4bdc7f830fef42266fcf1156112f0eb959046,11f4fe862570895441036964a9b308e92c2ee6ba8a87b5da9009ffd5208a4bda,2c6d6a597c6b1b321c4f632291c22dfe5788a058fe82fd65114a5a59d5d0be83,3a365f5dd3e9d410585a34695bb444d67b220c4b40a9348288a540078bc27f75
joint,B0,False,sentinel_complete,63235,65,71,3.19682170732192,3.821706985875538,-0.057081994740455534,-0.6444953468949574,-0.6935675351788197,65,0,4.261671158198331,-0.1934623351422838,3b188221263ad4673846ce5170fa622b5395e51a4aaa750114e1793d3986975b,55416c987a2d25f9177dd974307ae595761c1db31ecaa9d7561fb6c42d4d5e7c,00d1e59ce78baffbf9d24361ac8ba16a1d577b22cb193e15596627259190ed07,0c06b88fd09cd514745b699e6b6a7e12901db8d3247e42b582feaf1f7e91c04a,1eafe424a4c718d6a3b18cff938036f958858c70b344740788993b119bfbb04b,9c2f903993167fc2a228b3cfe60a23fe33f57f252bae6299458338cb8eb967ad,3f630dfcc8a1c2a19b093e7fe0f4bdc7f830fef42266fcf1156112f0eb959046,11f4fe862570895441036964a9b308e92c2ee6ba8a87b5da9009ffd5208a4bda,2c6d6a597c6b1b321c4f632291c22dfe5788a058fe82fd65114a5a59d5d0be83,3a365f5dd3e9d410585a34695bb444d67b220c4b40a9348288a540078bc27f75
joint,B1,True,sentinel_all_five_missing,168,12,29,3.3162777169903492,3.4877566901192405,-1.2883877837848383,0.33287813097198243,0.5666666666666667,9,3,3.030474361584639,-1.277687703025153,3b188221263ad4673846ce5170fa622b5395e51a4aaa750114e1793d3986975b,55416c987a2d25f9177dd974307ae595761c1db31ecaa9d7561fb6c42d4d5e7c,00d1e59ce78baffbf9d24361ac8ba16a1d577b22cb193e15596627259190ed07,0c06b88fd09cd514745b699e6b6a7e12901db8d3247e42b582feaf1f7e91c04a,1eafe424a4c718d6a3b18cff938036f958858c70b344740788993b119bfbb04b,9c2f903993167fc2a228b3cfe60a23fe33f57f252bae6299458338cb8eb967ad,3f630dfcc8a1c2a19b093e7fe0f4bdc7f830fef42266fcf1156112f0eb959046,11f4fe862570895441036964a9b308e92c2ee6ba8a87b5da9009ffd5208a4bda,2c6d6a597c6b1b321c4f632291c22dfe5788a058fe82fd65114a5a59d5d0be83,3a365f5dd3e9d410585a34695bb444d67b220c4b40a9348288a540078bc27f75
joint,B1,True,sentinel_complete,63235,65,71,2.5164074970370383,3.07747266276355,0.013066713567135952,0.348220185900628,0.3823264070036402,65,0,3.2498974652136607,-0.09170278246661044,3b188221263ad4673846ce5170fa622b5395e51a4aaa750114e1793d3986975b,55416c987a2d25f9177dd974307ae595761c1db31ecaa9d7561fb6c42d4d5e7c,00d1e59ce78baffbf9d24361ac8ba16a1d577b22cb193e15596627259190ed07,0c06b88fd09cd514745b699e6b6a7e12901db8d3247e42b582feaf1f7e91c04a,1eafe424a4c718d6a3b18cff938036f958858c70b344740788993b119bfbb04b,9c2f903993167fc2a228b3cfe60a23fe33f57f252bae6299458338cb8eb967ad,3f630dfcc8a1c2a19b093e7fe0f4bdc7f830fef42266fcf1156112f0eb959046,11f4fe862570895441036964a9b308e92c2ee6ba8a87b5da9009ffd5208a4bda,2c6d6a597c6b1b321c4f632291c22dfe5788a058fe82fd65114a5a59d5d0be83,3a365f5dd3e9d410585a34695bb444d67b220c4b40a9348288a540078bc27f75
joint,B2,False,sentinel_all_five_missing,168,12,29,3.085811143791293,3.25322655887393,-0.26432999067559976,0.7401767186934757,0.7714285714285714,9,3,3.1326790455971505,1.3571240012861754,3b188221263ad4673846ce5170fa622b5395e51a4aaa750114e1793d3986975b,55416c987a2d25f9177dd974307ae595761c1db31ecaa9d7561fb6c42d4d5e7c,00d1e59ce78baffbf9d24361ac8ba16a1d577b22cb193e15596627259190ed07,0c06b88fd09cd514745b699e6b6a7e12901db8d3247e42b582feaf1f7e91c04a,1eafe424a4c718d6a3b18cff938036f958858c70b344740788993b119bfbb04b,9c2f903993167fc2a228b3cfe60a23fe33f57f252bae6299458338cb8eb967ad,3f630dfcc8a1c2a19b093e7fe0f4bdc7f830fef42266fcf1156112f0eb959046,11f4fe862570895441036964a9b308e92c2ee6ba8a87b5da9009ffd5208a4bda,2c6d6a597c6b1b321c4f632291c22dfe5788a058fe82fd65114a5a59d5d0be83,3a365f5dd3e9d410585a34695bb444d67b220c4b40a9348288a540078bc27f75
joint,B2,False,sentinel_complete,63235,65,71,2.868392630305153,3.268766814578552,-0.07716582069407647,0.6728082235088734,0.7168692251654385,65,0,3.832671764311665,-0.23671045978677818,3b188221263ad4673846ce5170fa622b5395e51a4aaa750114e1793d3986975b,55416c987a2d25f9177dd974307ae595761c1db31ecaa9d7561fb6c42d4d5e7c,00d1e59ce78baffbf9d24361ac8ba16a1d577b22cb193e15596627259190ed07,0c06b88fd09cd514745b699e6b6a7e12901db8d3247e42b582feaf1f7e91c04a,1eafe424a4c718d6a3b18cff938036f958858c70b344740788993b119bfbb04b,9c2f903993167fc2a228b3cfe60a23fe33f57f252bae6299458338cb8eb967ad,3f630dfcc8a1c2a19b093e7fe0f4bdc7f830fef42266fcf1156112f0eb959046,11f4fe862570895441036964a9b308e92c2ee6ba8a87b5da9009ffd5208a4bda,2c6d6a597c6b1b321c4f632291c22dfe5788a058fe82fd65114a5a59d5d0be83,3a365f5dd3e9d410585a34695bb444d67b220c4b40a9348288a540078bc27f75
joint,M1,False,sentinel_all_five_missing,168,12,29,2.4890322121631545,2.647796420061746,-0.9662844145123803,0.7265379966986705,0.7,9,3,2.353769535815067,-0.5383538879336423,3b188221263ad4673846ce5170fa622b5395e51a4aaa750114e1793d3986975b,55416c987a2d25f9177dd974307ae595761c1db31ecaa9d7561fb6c42d4d5e7c,00d1e59ce78baffbf9d24361ac8ba16a1d577b22cb193e15596627259190ed07,0c06b88fd09cd514745b699e6b6a7e12901db8d3247e42b582feaf1f7e91c04a,1eafe424a4c718d6a3b18cff938036f958858c70b344740788993b119bfbb04b,9c2f903993167fc2a228b3cfe60a23fe33f57f252bae6299458338cb8eb967ad,3f630dfcc8a1c2a19b093e7fe0f4bdc7f830fef42266fcf1156112f0eb959046,11f4fe862570895441036964a9b308e92c2ee6ba8a87b5da9009ffd5208a4bda,2c6d6a597c6b1b321c4f632291c22dfe5788a058fe82fd65114a5a59d5d0be83,3a365f5dd3e9d410585a34695bb444d67b220c4b40a9348288a540078bc27f75
joint,M1,False,sentinel_complete,63235,65,71,2.1250613654488695,2.475860101878242,-0.007974323988584027,0.7491448871882614,0.78182994876473,65,0,2.73005246989615,-0.11988211016758994,3b188221263ad4673846ce5170fa622b5395e51a4aaa750114e1793d3986975b,55416c987a2d25f9177dd974307ae595761c1db31ecaa9d7561fb6c42d4d5e7c,00d1e59ce78baffbf9d24361ac8ba16a1d577b22cb193e15596627259190ed07,0c06b88fd09cd514745b699e6b6a7e12901db8d3247e42b582feaf1f7e91c04a,1eafe424a4c718d6a3b18cff938036f958858c70b344740788993b119bfbb04b,9c2f903993167fc2a228b3cfe60a23fe33f57f252bae6299458338cb8eb967ad,3f630dfcc8a1c2a19b093e7fe0f4bdc7f830fef42266fcf1156112f0eb959046,11f4fe862570895441036964a9b308e92c2ee6ba8a87b5da9009ffd5208a4bda,2c6d6a597c6b1b321c4f632291c22dfe5788a058fe82fd65114a5a59d5d0be83,3a365f5dd3e9d410585a34695bb444d67b220c4b40a9348288a540078bc27f75
joint,M2,True,sentinel_all_five_missing,168,12,29,2.7620140846948247,2.93049731269693,0.6686024912356846,0.5518631225490463,0.5,9,3,2.5895138166330876,0.7619599513268311,3b188221263ad4673846ce5170fa622b5395e51a4aaa750114e1793d3986975b,55416c987a2d25f9177dd974307ae595761c1db31ecaa9d7561fb6c42d4d5e7c,00d1e59ce78baffbf9d24361ac8ba16a1d577b22cb193e15596627259190ed07,0c06b88fd09cd514745b699e6b6a7e12901db8d3247e42b582feaf1f7e91c04a,1eafe424a4c718d6a3b18cff938036f958858c70b344740788993b119bfbb04b,9c2f903993167fc2a228b3cfe60a23fe33f57f252bae6299458338cb8eb967ad,3f630dfcc8a1c2a19b093e7fe0f4bdc7f830fef42266fcf1156112f0eb959046,11f4fe862570895441036964a9b308e92c2ee6ba8a87b5da9009ffd5208a4bda,2c6d6a597c6b1b321c4f632291c22dfe5788a058fe82fd65114a5a59d5d0be83,3a365f5dd3e9d410585a34695bb444d67b220c4b40a9348288a540078bc27f75
joint,M2,True,sentinel_complete,63235,65,71,2.107874873633016,2.451701299769283,0.0771970040709468,0.7634377123318881,0.7907925604897894,65,0,2.7964171877425765,-0.03729155838785,3b188221263ad4673846ce5170fa622b5395e51a4aaa750114e1793d3986975b,55416c987a2d25f9177dd974307ae595761c1db31ecaa9d7561fb6c42d4d5e7c,00d1e59ce78baffbf9d24361ac8ba16a1d577b22cb193e15596627259190ed07,0c06b88fd09cd514745b699e6b6a7e12901db8d3247e42b582feaf1f7e91c04a,1eafe424a4c718d6a3b18cff938036f958858c70b344740788993b119bfbb04b,9c2f903993167fc2a228b3cfe60a23fe33f57f252bae6299458338cb8eb967ad,3f630dfcc8a1c2a19b093e7fe0f4bdc7f830fef42266fcf1156112f0eb959046,11f4fe862570895441036964a9b308e92c2ee6ba8a87b5da9009ffd5208a4bda,2c6d6a597c6b1b321c4f632291c22dfe5788a058fe82fd65114a5a59d5d0be83,3a365f5dd3e9d410585a34695bb444d67b220c4b40a9348288a540078bc27f75
