target_date,overpass_id,platform,retained_tract_count_primary,retained_tract_fraction_primary,date_usable_primary,relative_endpoint_coverage_pass_primary,retained_tract_count_strict,retained_tract_fraction_strict,date_usable_strict,relative_endpoint_coverage_pass_strict,retained_tract_count_change,retained_tract_fraction_change
2020-05-16,landsat-8_20200516T182745Z,landsat-8,1061,0.968065693430657,True,True,179,0.1633211678832117,False,False,-882,-0.8047445255474452
2020-06-01,landsat-8_20200601T182750Z,landsat-8,375,0.34215328467153283,False,False,0,0.0,False,False,-375,-0.34215328467153283
2020-06-17,landsat-8_20200617T182800Z,landsat-8,71,0.06478102189781022,False,False,0,0.0,False,False,-71,-0.06478102189781022
2020-07-03,landsat-8_20200703T182808Z,landsat-8,1073,0.9790145985401459,True,True,704,0.6423357664233577,True,False,-369,-0.3366788321167883
2020-07-19,landsat-8_20200719T182813Z,landsat-8,1050,0.958029197080292,True,True,728,0.6642335766423357,True,False,-322,-0.29379562043795626
2020-08-04,landsat-8_20200804T182817Z,landsat-8,546,0.4981751824817518,False,False,171,0.15602189781021897,False,False,-375,-0.34215328467153283
2020-08-20,landsat-8_20200820T182823Z,landsat-8,1080,0.9854014598540146,True,True,311,0.28375912408759124,False,False,-769,-0.7016423357664234
2020-09-05,landsat-8_20200905T182831Z,landsat-8,1086,0.9908759124087592,True,True,764,0.6970802919708029,True,False,-322,-0.29379562043795626
2020-09-21,landsat-8_20200921T182836Z,landsat-8,1007,0.9187956204379562,True,False,90,0.08211678832116788,False,False,-917,-0.8366788321167883
2020-10-07,landsat-8_20201007T182839Z,landsat-8,967,0.8822992700729927,True,False,225,0.20529197080291972,False,False,-742,-0.677007299270073
2020-10-23,landsat-8_20201023T182840Z,landsat-8,0,0.0,False,False,0,0.0,False,False,0,0.0
2021-05-03,landsat-8_20210503T182750Z,landsat-8,1019,0.9297445255474452,True,False,3,0.002737226277372263,False,False,-1016,-0.927007299270073
2021-05-19,landsat-8_20210519T182758Z,landsat-8,377,0.34397810218978103,False,False,0,0.0,False,False,-377,-0.34397810218978103
2021-06-04,landsat-8_20210604T182806Z,landsat-8,953,0.8695255474452555,True,False,121,0.1104014598540146,False,False,-832,-0.7591240875912408
2021-06-20,landsat-8_20210620T182811Z,landsat-8,993,0.906021897810219,True,False,289,0.2636861313868613,False,False,-704,-0.6423357664233578
2021-07-06,landsat-8_20210706T182814Z,landsat-8,1068,0.9744525547445255,True,True,731,0.666970802919708,True,False,-337,-0.3074817518248175
2021-07-22,landsat-8_20210722T182818Z,landsat-8,415,0.37864963503649635,False,False,0,0.0,False,False,-415,-0.37864963503649635
2021-08-07,landsat-8_20210807T182826Z,landsat-8,1064,0.9708029197080292,True,True,861,0.7855839416058394,True,False,-203,-0.1852189781021898
2021-08-23,landsat-8_20210823T182831Z,landsat-8,81,0.0739051094890511,False,False,0,0.0,False,False,-81,-0.0739051094890511
2021-09-08,landsat-8_20210908T182835Z,landsat-8,1020,0.9306569343065694,True,False,139,0.12682481751824817,False,False,-881,-0.8038321167883212
2021-09-24,landsat-8_20210924T182838Z,landsat-8,822,0.75,True,False,6,0.005474452554744526,False,False,-816,-0.7445255474452555
2021-10-10,landsat-8_20211010T182844Z,landsat-8,905,0.8257299270072993,True,False,0,0.0,False,False,-905,-0.8257299270072993
2021-10-26,landsat-8_20211026T182846Z,landsat-8,1094,0.9981751824817519,True,True,748,0.6824817518248175,True,False,-346,-0.31569343065693434
2022-05-06,landsat-8_20220506T182811Z,landsat-8,978,0.8923357664233577,True,False,88,0.08029197080291971,False,False,-890,-0.8120437956204379
2022-05-14,landsat-9_20220514T182755Z,landsat-9,989,0.9023722627737226,True,False,288,0.26277372262773724,False,False,-701,-0.6395985401459854
2022-05-22,landsat-8_20220522T182816Z,landsat-8,818,0.7463503649635036,True,False,52,0.04744525547445255,False,False,-766,-0.698905109489051
2022-05-30,landsat-9_20220530T182751Z,landsat-9,1055,0.9625912408759124,True,True,162,0.1478102189781022,False,False,-893,-0.8147810218978102
2022-06-07,landsat-8_20220607T182825Z,landsat-8,967,0.8822992700729927,True,False,180,0.16423357664233576,False,False,-787,-0.718065693430657
2022-06-15,landsat-9_20220615T182757Z,landsat-9,1067,0.9735401459854015,True,True,734,0.6697080291970803,True,False,-333,-0.3038321167883212
2022-06-23,landsat-8_20220623T182833Z,landsat-8,1059,0.9662408759124088,True,True,201,0.18339416058394162,False,False,-858,-0.7828467153284672
2022-07-01,landsat-9_20220701T182812Z,landsat-9,1072,0.9781021897810219,True,True,877,0.8001824817518248,True,False,-195,-0.1779197080291971
2022-07-09,landsat-8_20220709T182834Z,landsat-8,1050,0.958029197080292,True,True,752,0.6861313868613139,True,False,-298,-0.2718978102189781
2022-07-17,landsat-9_20220717T182811Z,landsat-9,1008,0.9197080291970803,True,False,0,0.0,False,False,-1008,-0.9197080291970803
2022-07-25,landsat-8_20220725T182841Z,landsat-8,1054,0.9616788321167883,True,True,440,0.40145985401459855,False,False,-614,-0.5602189781021898
2022-08-02,landsat-9_20220802T182825Z,landsat-9,1026,0.9361313868613139,True,True,0,0.0,False,False,-1026,-0.9361313868613139
2022-08-18,landsat-9_20220818T182832Z,landsat-9,1034,0.9434306569343066,True,False,213,0.19434306569343066,False,False,-821,-0.749087591240876
2022-08-26,landsat-8_20220826T182852Z,landsat-8,1058,0.9653284671532847,True,True,285,0.26003649635036497,False,False,-773,-0.7052919708029197
2022-09-03,landsat-9_20220903T182833Z,landsat-9,1085,0.989963503649635,True,True,0,0.0,False,False,-1085,-0.989963503649635
2022-09-11,landsat-8_20220911T182856Z,landsat-8,94,0.08576642335766424,False,False,0,0.0,False,False,-94,-0.08576642335766424
2022-09-27,landsat-8_20220927T182858Z,landsat-8,1081,0.9863138686131386,True,True,848,0.7737226277372263,True,False,-233,-0.2125912408759123
2022-10-05,landsat-9_20221005T182840Z,landsat-9,921,0.8403284671532847,True,False,30,0.02737226277372263,False,False,-891,-0.8129562043795621
2022-10-13,landsat-8_20221013T182849Z,landsat-8,235,0.21441605839416059,False,False,0,0.0,False,False,-235,-0.21441605839416059
2022-10-21,landsat-9_20221021T182847Z,landsat-9,701,0.6395985401459854,True,False,140,0.12773722627737227,False,False,-561,-0.5118613138686131
2022-10-29,landsat-8_20221029T182858Z,landsat-8,969,0.8841240875912408,True,False,0,0.0,False,False,-969,-0.8841240875912408
2023-05-01,landsat-9_20230501T182802Z,landsat-9,17,0.01551094890510949,False,False,0,0.0,False,False,-17,-0.01551094890510949
2023-05-09,landsat-8_20230509T182740Z,landsat-8,0,0.0,False,False,0,0.0,False,False,0,0.0
2023-05-17,landsat-9_20230517T182755Z,landsat-9,788,0.718978102189781,True,False,6,0.005474452554744526,False,False,-782,-0.7135036496350364
2023-05-25,landsat-8_20230525T182738Z,landsat-8,0,0.0,False,False,0,0.0,False,False,0,0.0
2023-06-02,landsat-9_20230602T182747Z,landsat-9,6,0.005474452554744526,False,False,0,0.0,False,False,-6,-0.005474452554744526
2023-06-10,landsat-8_20230610T182745Z,landsat-8,0,0.0,False,False,0,0.0,False,False,0,0.0
2023-06-18,landsat-9_20230618T182739Z,landsat-9,3,0.002737226277372263,False,False,0,0.0,False,False,-3,-0.002737226277372263
2023-06-26,landsat-8_20230626T182752Z,landsat-8,1038,0.9470802919708029,True,True,31,0.028284671532846715,False,False,-1007,-0.9187956204379562
2023-07-04,landsat-9_20230704T182751Z,landsat-9,1059,0.9662408759124088,True,True,580,0.5291970802919708,True,False,-479,-0.43704379562043805
2023-07-12,landsat-8_20230712T182802Z,landsat-8,1060,0.9671532846715328,True,True,0,0.0,False,False,-1060,-0.9671532846715328
2023-07-20,landsat-9_20230720T182756Z,landsat-9,1072,0.9781021897810219,True,True,875,0.7983576642335767,True,False,-197,-0.17974452554744524
2023-07-28,landsat-8_20230728T182808Z,landsat-8,983,0.8968978102189781,True,False,218,0.1989051094890511,False,False,-765,-0.6979927007299269
2023-08-05,landsat-9_20230805T182805Z,landsat-9,1076,0.9817518248175182,True,True,864,0.7883211678832117,True,False,-212,-0.1934306569343065
2023-08-13,landsat-8_20230813T182813Z,landsat-8,1063,0.9698905109489051,True,True,210,0.19160583941605838,False,False,-853,-0.7782846715328468
2023-08-21,landsat-9_20230821T182809Z,landsat-9,26,0.023722627737226276,False,False,0,0.0,False,False,-26,-0.023722627737226276
2023-08-29,landsat-8_20230829T182820Z,landsat-8,1088,0.9927007299270073,True,True,868,0.791970802919708,True,False,-220,-0.2007299270072993
2023-09-06,landsat-9_20230906T182820Z,landsat-9,435,0.3968978102189781,False,False,0,0.0,False,False,-435,-0.3968978102189781
2023-09-14,landsat-8_20230914T182823Z,landsat-8,634,0.5784671532846716,True,False,0,0.0,False,False,-634,-0.5784671532846716
2023-09-22,landsat-9_20230922T182823Z,landsat-9,707,0.6450729927007299,True,False,0,0.0,False,False,-707,-0.6450729927007299
2023-09-30,landsat-8_20230930T182827Z,landsat-8,0,0.0,False,False,0,0.0,False,False,0,0.0
2023-10-08,landsat-9_20231008T182828Z,landsat-9,952,0.8686131386861314,True,False,110,0.10036496350364964,False,False,-842,-0.7682481751824818
2023-10-16,landsat-8_20231016T182829Z,landsat-8,936,0.8540145985401459,True,False,23,0.020985401459854013,False,False,-913,-0.8330291970802919
2023-10-24,landsat-9_20231024T182834Z,landsat-9,699,0.6377737226277372,True,False,0,0.0,False,False,-699,-0.6377737226277372
2024-05-03,landsat-9_20240503T182755Z,landsat-9,0,0.0,False,False,0,0.0,False,False,0,0.0
2024-05-11,landsat-8_20240511T182734Z,landsat-8,861,0.7855839416058394,True,False,3,0.002737226277372263,False,False,-858,-0.7828467153284672
2024-05-19,landsat-9_20240519T182748Z,landsat-9,16,0.014598540145985401,False,False,0,0.0,False,False,-16,-0.014598540145985401
2024-05-27,landsat-8_20240527T182723Z,landsat-8,680,0.6204379562043796,True,False,0,0.0,False,False,-680,-0.6204379562043796
2024-06-04,landsat-9_20240604T182742Z,landsat-9,404,0.3686131386861314,False,False,0,0.0,False,False,-404,-0.3686131386861314
2024-06-12,landsat-8_20240612T182724Z,landsat-8,70,0.06386861313868614,False,False,0,0.0,False,False,-70,-0.06386861313868614
2024-06-20,landsat-9_20240620T182725Z,landsat-9,1050,0.958029197080292,True,True,238,0.21715328467153286,False,False,-812,-0.7408759124087592
2024-06-28,landsat-8_20240628T182737Z,landsat-8,1060,0.9671532846715328,True,True,338,0.3083941605839416,False,False,-722,-0.6587591240875912
2024-07-06,landsat-9_20240706T182738Z,landsat-9,407,0.37135036496350365,False,False,157,0.14324817518248176,False,False,-250,-0.2281021897810219
2024-07-14,landsat-8_20240714T182748Z,landsat-8,592,0.5401459854014599,True,False,0,0.0,False,False,-592,-0.5401459854014599
2024-07-22,landsat-9_20240722T182746Z,landsat-9,976,0.8905109489051095,True,True,0,0.0,False,False,-976,-0.8905109489051095
2024-07-30,landsat-8_20240730T182757Z,landsat-8,1064,0.9708029197080292,True,True,520,0.4744525547445255,False,False,-544,-0.4963503649635037
2024-08-07,landsat-9_20240807T182750Z,landsat-9,849,0.7746350364963503,True,False,0,0.0,False,False,-849,-0.7746350364963503
2024-08-15,landsat-8_20240815T182800Z,landsat-8,1083,0.9881386861313869,True,True,874,0.7974452554744526,True,False,-209,-0.19069343065693434
2024-08-23,landsat-9_20240823T182805Z,landsat-9,1041,0.9498175182481752,True,True,74,0.06751824817518248,False,False,-967,-0.8822992700729927
2024-08-31,landsat-8_20240831T182809Z,landsat-8,1048,0.9562043795620438,True,True,448,0.40875912408759124,False,False,-600,-0.5474452554744527
2024-09-08,landsat-9_20240908T182805Z,landsat-9,1087,0.9917883211678832,True,True,410,0.3740875912408759,False,False,-677,-0.6177007299270072
2024-09-16,landsat-8_20240916T182815Z,landsat-8,116,0.10583941605839416,False,False,0,0.0,False,False,-116,-0.10583941605839416
2024-09-24,landsat-9_20240924T182807Z,landsat-9,641,0.5848540145985401,True,False,89,0.0812043795620438,False,False,-552,-0.5036496350364963
2024-10-02,landsat-8_20241002T182811Z,landsat-8,1001,0.9133211678832117,True,False,275,0.2509124087591241,False,False,-726,-0.6624087591240877
2024-10-10,landsat-9_20241010T182815Z,landsat-9,870,0.7937956204379562,True,False,35,0.03193430656934307,False,False,-835,-0.7618613138686131
2024-10-18,landsat-8_20241018T182824Z,landsat-8,1091,0.9954379562043796,True,True,546,0.4981751824817518,False,False,-545,-0.4972627737226278
2024-10-26,landsat-9_20241026T182830Z,landsat-9,7,0.006386861313868613,False,False,0,0.0,False,False,-7,-0.006386861313868613
